fecha,trm,cambio_pct,volatilidad_20d
1991-12-02,643.42,,
1991-12-03,639.22,-0.653,
1991-12-04,635.70,-0.551,0.072
1991-12-05,631.51,-0.659,0.061
1991-12-06,627.16,-0.689,0.06
1991-12-07,638.06,1.738,1.064
1991-12-10,622.92,-2.373,1.311
1991-12-11,627.46,0.729,1.288
1991-12-12,633.09,0.897,1.272
1991-12-13,632.35,-0.117,1.19
1991-12-14,630.91,-0.228,1.122
1991-12-17,626.23,-0.742,1.077
1991-12-18,626.52,0.046,1.03
1991-12-19,633.35,1.09,1.051
1991-12-20,621.71,-1.838,1.11
1991-12-21,620.62,-0.175,1.069
1991-12-24,622.95,0.375,1.044
1991-12-25,622.95,0.0,1.012
1991-12-27,631.63,1.393,1.05
1991-12-28,632.37,0.117,1.022
1991-12-31,632.37,0.0,0.995
1992-01-01,632.37,0.0,0.986
1992-01-02,638.61,0.987,1.004
1992-01-03,632.58,-0.944,1.017
1992-01-04,638.07,0.868,1.02
1992-01-08,638.17,0.016,0.943
1992-01-09,638.61,0.069,0.759
1992-01-10,637.86,-0.117,0.747
1992-01-11,645.04,1.126,0.762
1992-01-14,659.74,2.279,0.902
1992-01-15,657.49,-0.341,0.905
1992-01-16,653.45,-0.614,0.899
1992-01-17,652.91,-0.083,0.9
1992-01-18,645.35,-1.158,0.925
1992-01-21,645.97,0.096,0.805
1992-01-22,647.04,0.166,0.801
1992-01-23,647.01,-0.005,0.801
1992-01-24,647.01,0.0,0.801
1992-01-25,644.83,-0.337,0.757
1992-01-28,645.53,0.109,0.757
1992-01-29,645.20,-0.051,0.757
1992-01-30,644.04,-0.18,0.759
1992-01-31,644.27,0.036,0.73
1992-02-01,640.52,-0.582,0.708
1992-02-04,640.52,0.0,0.682
1992-02-05,638.01,-0.392,0.689
1992-02-06,637.65,-0.056,0.689
1992-02-07,636.90,-0.118,0.689
1992-02-08,635.34,-0.245,0.636
1992-02-11,634.74,-0.094,0.314
1992-02-12,634.59,-0.024,0.314
1992-02-13,634.67,0.013,0.299
1992-02-14,635.60,0.147,0.306
1992-02-15,634.74,-0.135,0.189
1992-02-18,635.66,0.145,0.192
1992-02-19,635.21,-0.071,0.183
1992-02-20,634.93,-0.044,0.182
1992-02-21,633.31,-0.255,0.184
1992-02-22,633.03,-0.044,0.177
1992-02-25,633.55,0.082,0.175
1992-02-26,633.74,0.03,0.177
1992-02-27,634.06,0.05,0.178
1992-02-28,633.91,-0.024,0.177
1992-02-29,636.54,0.415,0.168
1992-03-03,640.95,0.693,0.234
1992-03-04,636.05,-0.764,0.278
1992-03-05,635.86,-0.03,0.277
1992-03-06,636.73,0.137,0.278
1992-03-07,636.22,-0.08,0.273
1992-03-10,635.88,-0.053,0.272
1992-03-11,639.78,0.613,0.304
1992-03-12,639.38,-0.063,0.305
1992-03-13,641.29,0.299,0.309
1992-03-14,642.00,0.111,0.307
1992-03-17,644.13,0.332,0.312
1992-03-18,643.83,-0.047,0.312
1992-03-19,642.59,-0.193,0.316
1992-03-20,641.53,-0.165,0.312
1992-03-21,640.37,-0.181,0.316
1992-03-25,642.00,0.255,0.319
1992-03-26,641.81,-0.03,0.32
1992-03-27,641.22,-0.092,0.322
1992-03-28,647.24,0.939,0.376
1992-03-31,641.59,-0.873,0.427
1992-04-01,641.98,0.061,0.399
1992-04-02,645.14,0.492,0.369
1992-04-03,644.77,-0.057,0.369
1992-04-04,643.11,-0.257,0.376
1992-04-07,645.73,0.407,0.383
1992-04-08,643.98,-0.271,0.389
1992-04-09,644.61,0.098,0.368
1992-04-10,646.50,0.293,0.371
1992-04-11,647.28,0.121,0.367
1992-04-14,649.48,0.34,0.373
1992-04-15,655.66,0.952,0.419
1992-04-16,657.97,0.352,0.422
1992-04-21,655.32,-0.403,0.432
1992-04-22,652.57,-0.42,0.444
1992-04-23,651.48,-0.167,0.444
1992-04-24,650.24,-0.19,0.446
1992-04-25,651.36,0.172,0.446
1992-04-28,650.31,-0.161,0.448
1992-04-29,651.95,0.252,0.402
1992-04-30,653.83,0.288,0.343
1992-05-01,653.58,-0.038,0.344
1992-05-05,653.10,-0.073,0.332
1992-05-06,653.70,0.092,0.331
1992-05-07,654.74,0.159,0.323
1992-05-08,656.40,0.254,0.316
1992-05-09,657.91,0.23,0.307
1992-05-12,658.52,0.093,0.307
1992-05-13,660.57,0.311,0.307
1992-05-14,660.88,0.047,0.308
1992-05-15,663.43,0.386,0.31
1992-05-16,663.58,0.023,0.237
1992-05-19,663.75,0.026,0.227
1992-05-20,664.50,0.113,0.202
1992-05-21,663.10,-0.211,0.179
1992-05-22,662.60,-0.075,0.174
1992-05-23,662.11,-0.074,0.166
1992-05-26,662.15,0.006,0.166
1992-05-27,660.46,-0.255,0.174
1992-05-28,660.16,-0.045,0.171
1992-05-29,660.99,0.126,0.163
1992-05-30,664.37,0.511,0.191
1992-06-03,666.11,0.262,0.191
1992-06-04,664.30,-0.272,0.208
1992-06-05,666.47,0.327,0.215
1992-06-06,664.36,-0.317,0.229
1992-06-09,665.91,0.233,0.229
1992-06-10,665.92,0.002,0.23
1992-06-11,667.96,0.306,0.229
1992-06-12,667.52,-0.066,0.231
1992-06-13,669.55,0.304,0.225
1992-06-16,671.36,0.27,0.231
1992-06-17,675.76,0.655,0.266
1992-06-18,680.17,0.653,0.295
1992-06-19,678.25,-0.282,0.299
1992-06-20,683.37,0.755,0.328
1992-06-24,690.08,0.982,0.371
1992-06-25,699.09,1.306,0.441
1992-06-26,701.83,0.392,0.424
1992-06-27,697.57,-0.607,0.465
1992-07-01,695.36,-0.317,0.483
1992-07-02,694.43,-0.134,0.486
1992-07-03,693.71,-0.104,0.491
1992-07-04,693.40,-0.045,0.482
1992-07-07,696.12,0.392,0.483
1992-07-08,695.65,-0.068,0.472
1992-07-09,699.01,0.483,0.475
1992-07-10,703.74,0.677,0.481
1992-07-11,708.72,0.708,0.491
1992-07-14,720.47,1.658,0.569
1992-07-15,719.15,-0.183,0.583
1992-07-16,717.45,-0.236,0.597
1992-07-17,717.70,0.035,0.596
1992-07-18,715.11,-0.361,0.608
1992-07-22,710.91,-0.587,0.625
1992-07-23,707.96,-0.415,0.629
1992-07-24,699.73,-1.162,0.667
1992-07-25,699.68,-0.007,0.6
1992-07-28,701.66,0.283,0.597
1992-07-29,701.89,0.033,0.579
1992-07-30,702.02,0.019,0.574
1992-07-31,705.14,0.444,0.578
1992-08-01,702.52,-0.372,0.586
1992-08-04,701.82,-0.1,0.587
1992-08-05,698.84,-0.425,0.591
1992-08-06,695.32,-0.504,0.602
1992-08-07,694.25,-0.154,0.592
1992-08-11,692.72,-0.22,0.569
1992-08-12,692.25,-0.068,0.538
1992-08-13,694.28,0.293,0.358
1992-08-14,692.51,-0.255,0.358
1992-08-15,693.25,0.107,0.364
1992-08-19,693.69,0.063,0.365
1992-08-20,692.48,-0.174,0.362
1992-08-21,692.56,0.012,0.349
1992-08-22,693.94,0.199,0.35
1992-08-25,689.56,-0.631,0.278
1992-08-26,689.21,-0.051,0.277
1992-08-27,689.45,0.035,0.266
1992-08-28,690.30,0.123,0.269
1992-08-29,691.68,0.2,0.275
1992-09-01,691.90,0.032,0.249
1992-09-02,692.89,0.143,0.245
1992-09-03,693.02,0.019,0.246
1992-09-04,695.62,0.375,0.249
1992-09-05,696.77,0.165,0.225
1992-09-08,697.69,0.132,0.223
1992-09-09,698.28,0.085,0.215
1992-09-10,695.38,-0.415,0.237
1992-09-11,695.54,0.023,0.229
1992-09-12,696.39,0.122,0.221
1992-09-15,696.29,-0.014,0.221
1992-09-16,696.84,0.079,0.221
1992-09-17,695.70,-0.164,0.22
1992-09-18,696.66,0.138,0.222
1992-09-19,696.42,-0.034,0.218
1992-09-22,699.16,0.393,0.174
1992-09-23,697.77,-0.199,0.182
1992-09-24,698.40,0.09,0.182
1992-09-25,697.01,-0.199,0.191
1992-09-26,704.80,1.118,0.305
1992-09-29,701.00,-0.539,0.336
1992-09-30,702.81,0.258,0.339
1992-10-01,699.70,-0.443,0.358
1992-10-02,703.08,0.483,0.364
1992-10-03,710.22,1.016,0.422
1992-10-06,704.52,-0.803,0.467
1992-10-07,703.66,-0.122,0.469
1992-10-08,702.71,-0.135,0.459
1992-10-09,704.06,0.192,0.46
1992-10-10,701.88,-0.31,0.467
1992-10-14,702.48,0.085,0.467
1992-10-15,705.52,0.433,0.475
1992-10-16,708.21,0.381,0.477
1992-10-17,707.13,-0.152,0.48
1992-10-20,707.35,0.031,0.479
1992-10-21,706.06,-0.182,0.476
1992-10-22,709.22,0.448,0.48
1992-10-23,710.19,0.137,0.481
1992-10-24,712.04,0.26,0.477
1992-10-27,713.55,0.212,0.415
1992-10-28,716.39,0.398,0.396
1992-10-29,715.31,-0.151,0.399
1992-10-30,717.37,0.288,0.381
1992-10-31,716.88,-0.068,0.373
1992-11-04,718.98,0.293,0.309
1992-11-05,719.21,0.032,0.234
1992-11-06,720.96,0.243,0.229
1992-11-07,722.57,0.223,0.222
1992-11-10,720.48,-0.289,0.241
1992-11-11,722.37,0.262,0.221
1992-11-12,723.72,0.187,0.221
1992-11-13,722.72,-0.138,0.219
1992-11-14,724.07,0.187,0.211
1992-11-18,730.11,0.834,0.257
1992-11-19,724.97,-0.704,0.321
1992-11-20,724.90,-0.01,0.315
1992-11-21,721.98,-0.403,0.327
1992-11-24,726.97,0.691,0.354
1992-11-25,720.63,-0.872,0.415
1992-11-26,721.47,0.117,0.414
1992-11-27,722.61,0.158,0.406
1992-11-28,725.45,0.393,0.411
1992-12-01,729.42,0.547,0.422
1992-12-02,725.75,-0.503,0.441
1992-12-03,729.74,0.55,0.452
1992-12-04,738.19,1.158,0.512
1992-12-05,736.29,-0.257,0.519
1992-12-08,732.11,-0.568,0.539
1992-12-10,732.40,0.04,0.533
1992-12-11,727.21,-0.709,0.559
1992-12-12,729.80,0.356,0.563
1992-12-15,732.69,0.396,0.566
1992-12-16,736.20,0.479,0.573
1992-12-17,734.98,-0.166,0.547
1992-12-18,732.54,-0.332,0.527
1992-12-19,735.31,0.378,0.532
1992-12-22,736.82,0.205,0.52
1992-12-23,735.00,-0.247,0.507
1992-12-24,735.19,0.026,0.457
1992-12-25,735.19,0.0,0.458
1992-12-29,737.44,0.306,0.46
1992-12-30,737.98,0.073,0.455
1992-12-31,737.98,0.0,0.442
1993-01-01,737.98,0.0,0.422
1993-01-05,737.55,-0.058,0.409
1993-01-06,738.65,0.149,0.317
1993-01-07,740.08,0.194,0.314
1993-01-08,742.61,0.342,0.288
1993-01-09,746.63,0.541,0.306
1993-01-13,749.63,0.402,0.248
1993-01-14,748.98,-0.087,0.249
1993-01-15,746.71,-0.303,0.258
1993-01-16,746.39,-0.043,0.243
1993-01-19,747.20,0.109,0.237
1993-01-20,748.07,0.116,0.216
1993-01-21,750.06,0.266,0.21
1993-01-22,750.00,-0.008,0.21
1993-01-23,748.56,-0.192,0.205
1993-01-26,747.25,-0.175,0.213
1993-01-27,747.13,-0.016,0.214
1993-01-28,746.21,-0.123,0.211
1993-01-29,745.14,-0.143,0.216
1993-01-30,746.05,0.122,0.217
1993-02-02,745.27,-0.105,0.219
1993-02-03,745.64,0.05,0.218
1993-02-04,745.73,0.012,0.217
1993-02-05,745.79,0.008,0.214
1993-02-06,746.56,0.103,0.203
1993-02-09,745.45,-0.149,0.166
1993-02-10,745.49,0.005,0.135
1993-02-11,745.38,-0.015,0.134
1993-02-12,748.22,0.381,0.146
1993-02-13,748.88,0.088,0.147
1993-02-16,748.18,-0.093,0.147
1993-02-17,749.69,0.202,0.151
1993-02-18,750.75,0.141,0.143
1993-02-19,752.47,0.229,0.151
1993-02-20,751.96,-0.068,0.145
1993-02-23,752.52,0.074,0.137
1993-02-24,753.33,0.108,0.138
1993-02-25,755.07,0.231,0.138
1993-02-26,759.20,0.547,0.168
1993-02-27,758.03,-0.154,0.177
1993-03-02,757.89,-0.018,0.173
1993-03-03,760.71,0.372,0.184
1993-03-04,762.68,0.259,0.186
1993-03-05,762.04,-0.084,0.19
1993-03-06,762.20,0.021,0.191
1993-03-09,763.38,0.155,0.182
1993-03-10,763.90,0.068,0.18
1993-03-11,764.74,0.11,0.177
1993-03-12,765.19,0.059,0.167
1993-03-13,764.79,-0.052,0.171
1993-03-16,764.29,-0.065,0.17
1993-03-17,765.06,0.101,0.168
1993-03-18,766.12,0.139,0.168
1993-03-19,766.42,0.039,0.166
1993-03-20,766.84,0.055,0.162
1993-03-24,766.63,-0.027,0.164
1993-03-25,766.91,0.037,0.165
1993-03-26,767.99,0.141,0.162
1993-03-27,767.40,-0.077,0.124
1993-03-30,766.79,-0.079,0.118
1993-03-31,766.41,-0.05,0.12
1993-04-01,766.44,0.004,0.094
1993-04-02,767.98,0.201,0.088
1993-04-03,768.46,0.063,0.083
1993-04-06,768.31,-0.02,0.084
1993-04-07,768.52,0.027,0.08
1993-04-08,768.60,0.01,0.079
1993-04-13,769.34,0.096,0.079
1993-04-14,769.80,0.06,0.079
1993-04-15,771.56,0.229,0.088
1993-04-16,772.71,0.149,0.087
1993-04-17,773.22,0.066,0.086
1993-04-20,773.70,0.062,0.084
1993-04-21,773.97,0.035,0.084
1993-04-22,774.34,0.048,0.084
1993-04-23,775.05,0.092,0.082
1993-04-24,775.32,0.035,0.082
1993-04-27,775.20,-0.015,0.081
1993-04-28,774.52,-0.088,0.082
1993-04-29,773.78,-0.096,0.083
1993-04-30,774.94,0.15,0.083
1993-05-01,773.82,-0.145,0.094
1993-05-04,775.53,0.221,0.096
1993-05-05,776.99,0.188,0.101
1993-05-06,777.88,0.115,0.1
1993-05-07,778.17,0.037,0.1
1993-05-08,777.17,-0.129,0.108
1993-05-11,777.75,0.075,0.108
1993-05-12,779.41,0.213,0.114
1993-05-13,780.49,0.139,0.108
1993-05-14,780.80,0.04,0.106
1993-05-15,780.79,-0.001,0.107
1993-05-18,781.42,0.081,0.107
1993-05-19,781.80,0.049,0.107
1993-05-20,781.84,0.005,0.107
1993-05-21,781.94,0.013,0.107
1993-05-22,782.00,0.008,0.108
1993-05-26,783.15,0.147,0.109
1993-05-27,782.85,-0.038,0.106
1993-05-28,780.78,-0.264,0.124
1993-05-29,779.56,-0.156,0.129
1993-06-01,779.00,-0.072,0.125
1993-06-02,779.01,0.001,0.117
1993-06-03,777.82,-0.153,0.116
1993-06-04,778.12,0.039,0.114
1993-06-05,780.60,0.319,0.134
1993-06-08,782.29,0.217,0.137
1993-06-09,784.62,0.298,0.149
1993-06-10,784.95,0.042,0.143
1993-06-11,785.79,0.107,0.142
1993-06-12,784.80,-0.126,0.147
1993-06-16,785.90,0.14,0.149
1993-06-17,786.64,0.094,0.149
1993-06-18,787.49,0.108,0.15
1993-06-19,786.77,-0.091,0.153
1993-06-23,787.06,0.037,0.153
1993-06-24,786.42,-0.081,0.155
1993-06-25,786.72,0.038,0.152
1993-06-26,786.96,0.031,0.151
1993-06-29,786.80,-0.02,0.136
1993-06-30,787.12,0.041,0.128
1993-07-01,786.10,-0.13,0.131
1993-07-02,787.51,0.179,0.134
1993-07-03,788.65,0.145,0.126
1993-07-07,789.47,0.104,0.126
1993-07-08,790.58,0.141,0.114
1993-07-09,791.73,0.145,0.11
1993-07-10,793.18,0.183,0.099
1993-07-13,794.67,0.188,0.103
1993-07-14,795.66,0.125,0.104
1993-07-15,797.00,0.168,0.096
1993-07-16,797.06,0.008,0.096
1993-07-17,797.31,0.031,0.096
1993-07-20,797.41,0.013,0.097
1993-07-22,797.63,0.028,0.09
1993-07-23,798.17,0.068,0.09
1993-07-24,798.83,0.083,0.083
1993-07-27,799.17,0.043,0.082
1993-07-28,799.96,0.099,0.082
1993-07-29,800.42,0.058,0.078
1993-07-30,801.04,0.077,0.078
1993-07-31,801.35,0.039,0.06
1993-08-03,801.15,-0.025,0.062
1993-08-04,801.86,0.089,0.061
1993-08-05,801.82,-0.005,0.064
1993-08-06,801.86,0.005,0.064
1993-08-07,801.78,-0.01,0.064
1993-08-10,802.30,0.065,0.057
1993-08-11,803.22,0.115,0.05
1993-08-12,804.48,0.157,0.053
1993-08-13,804.93,0.056,0.046
1993-08-14,804.51,-0.052,0.051
1993-08-18,804.76,0.031,0.051
1993-08-19,805.62,0.107,0.052
1993-08-20,806.15,0.066,0.052
1993-08-21,806.72,0.071,0.052
1993-08-24,807.04,0.04,0.051
1993-08-25,807.57,0.066,0.051
1993-08-26,807.77,0.025,0.05
1993-08-27,807.55,-0.027,0.053
1993-08-28,807.53,-0.002,0.053
1993-08-31,806.86,-0.083,0.06
1993-09-01,806.83,-0.004,0.059
1993-09-02,808.04,0.15,0.064
1993-09-03,807.96,-0.01,0.064
1993-09-04,807.68,-0.035,0.065
1993-09-07,807.62,-0.007,0.065
1993-09-08,808.24,0.077,0.066
1993-09-09,809.33,0.135,0.067
1993-09-10,810.25,0.114,0.064
1993-09-11,810.03,-0.027,0.065
1993-09-14,810.09,0.007,0.062
1993-09-15,810.81,0.089,0.063
1993-09-16,811.75,0.116,0.064
1993-09-17,811.93,0.022,0.064
1993-09-18,811.18,-0.092,0.069
1993-09-21,810.88,-0.037,0.071
1993-09-22,809.75,-0.139,0.079
1993-09-23,810.04,0.036,0.079
1993-09-24,810.55,0.063,0.079
1993-09-25,809.93,-0.076,0.082
1993-09-28,809.55,-0.047,0.08
1993-09-29,809.69,0.017,0.08
1993-09-30,810.84,0.142,0.079
1993-10-01,811.31,0.058,0.079
1993-10-02,812.29,0.121,0.081
1993-10-05,812.27,-0.002,0.081
1993-10-06,812.75,0.059,0.08
1993-10-07,812.54,-0.026,0.077
1993-10-08,811.91,-0.078,0.077
1993-10-09,811.28,-0.078,0.079
1993-10-12,811.19,-0.011,0.079
1993-10-13,811.47,0.035,0.077
1993-10-14,811.46,-0.001,0.072
1993-10-15,812.41,0.117,0.077
1993-10-16,813.28,0.107,0.077
1993-10-20,813.79,0.063,0.077
1993-10-21,816.41,0.322,0.094
1993-10-22,819.26,0.349,0.117
1993-10-23,819.41,0.018,0.117
1993-10-26,819.44,0.004,0.114
1993-10-27,819.55,0.013,0.111
1993-10-28,818.98,-0.07,0.115
1993-10-29,818.06,-0.112,0.119
1993-10-30,817.03,-0.126,0.125
1993-11-03,816.70,-0.04,0.124
1993-11-04,817.01,0.038,0.124
1993-11-05,816.79,-0.027,0.124
1993-11-06,815.70,-0.133,0.129
1993-11-09,814.26,-0.177,0.135
1993-11-10,813.95,-0.038,0.133
1993-11-11,811.07,-0.354,0.157
1993-11-12,809.87,-0.148,0.16
1993-11-13,809.95,0.01,0.16
1993-11-17,815.18,0.646,0.216
1993-11-18,816.32,0.14,0.217
1993-11-19,816.62,0.037,0.217
1993-11-20,817.06,0.054,0.205
1993-11-23,814.48,-0.316,0.2
1993-11-24,812.12,-0.29,0.208
1993-11-25,811.67,-0.055,0.207
1993-11-26,812.04,0.046,0.208
1993-11-27,812.11,0.009,0.208
1993-11-30,811.73,-0.047,0.208
1993-12-01,812.21,0.059,0.208
1993-12-02,811.78,-0.053,0.208
1993-12-03,809.63,-0.265,0.213
1993-12-04,806.49,-0.388,0.227
1993-12-07,803.10,-0.42,0.24
1993-12-08,800.60,-0.311,0.245
1993-12-10,798.51,-0.261,0.248
1993-12-11,797.53,-0.123,0.24
1993-12-14,798.20,0.084,0.243
1993-12-15,798.12,-0.01,0.242
1993-12-16,799.43,0.164,0.184
1993-12-17,804.89,0.683,0.249
1993-12-18,806.50,0.2,0.256
1993-12-21,803.81,-0.334,0.261
1993-12-22,802.46,-0.168,0.256
1993-12-23,801.40,-0.132,0.251
1993-12-24,801.69,0.036,0.252
1993-12-25,801.69,0.0,0.252
1993-12-28,809.13,0.928,0.336
1993-12-29,802.33,-0.84,0.383
1993-12-30,802.71,0.047,0.383
1993-12-31,804.33,0.202,0.387
1994-01-01,804.33,0.0,0.384
1994-01-04,805.91,0.196,0.377
1994-01-05,810.01,0.509,0.38
1994-01-06,814.21,0.519,0.385
1994-01-07,818.83,0.567,0.39
1994-01-08,818.89,0.007,0.387
1994-01-12,818.50,-0.048,0.389
1994-01-13,819.81,0.16,0.388
1994-01-14,820.10,0.035,0.388
1994-01-15,815.81,-0.523,0.391
1994-01-18,816.91,0.135,0.39
1994-01-19,816.15,-0.093,0.381
1994-01-20,814.56,-0.195,0.382
1994-01-21,815.91,0.166,0.379
1994-01-22,815.65,-0.032,0.38
1994-01-25,816.69,0.128,0.38
1994-01-26,819.10,0.295,0.329
1994-01-27,821.52,0.295,0.255
1994-01-28,821.72,0.024,0.256
1994-01-29,818.38,-0.406,0.28
1994-02-01,817.00,-0.169,0.285
1994-02-02,819.27,0.278,0.288
1994-02-03,817.96,-0.16,0.274
1994-02-04,817.69,-0.033,0.251
1994-02-05,818.00,0.038,0.216
1994-02-08,817.64,-0.044,0.216
1994-02-09,817.81,0.021,0.216
1994-02-10,817.88,0.009,0.213
1994-02-11,817.88,0.0,0.212
1994-02-12,817.78,-0.012,0.175
1994-02-15,817.59,-0.023,0.173
1994-02-16,816.92,-0.082,0.173
1994-02-17,816.10,-0.1,0.168
1994-02-18,815.19,-0.112,0.166
1994-02-19,814.13,-0.13,0.168
1994-02-22,816.04,0.235,0.174
1994-02-23,818.33,0.281,0.173
1994-02-24,820.76,0.297,0.173
1994-02-25,819.68,-0.132,0.175
1994-02-26,819.70,0.002,0.149
1994-03-01,820.12,0.051,0.143
1994-03-02,819.83,-0.035,0.13
1994-03-03,819.61,-0.027,0.124
1994-03-04,818.70,-0.111,0.127
1994-03-05,817.86,-0.103,0.129
1994-03-08,817.76,-0.012,0.129
1994-03-09,818.02,0.032,0.129
1994-03-10,818.37,0.043,0.129
1994-03-11,818.46,0.011,0.129
1994-03-12,818.62,0.02,0.129
1994-03-15,818.69,0.009,0.129
1994-03-16,818.49,-0.024,0.127
1994-03-17,820.44,0.238,0.134
1994-03-18,820.91,0.057,0.13
1994-03-19,821.34,0.052,0.125
1994-03-23,821.73,0.047,0.116
1994-03-24,821.82,0.011,0.101
1994-03-25,821.70,-0.015,0.077
1994-03-26,821.14,-0.068,0.073
1994-03-29,820.63,-0.062,0.074
1994-03-30,820.78,0.018,0.074
1994-03-31,819.51,-0.155,0.081
1994-04-05,820.21,0.085,0.083
1994-04-06,820.93,0.088,0.081
1994-04-07,822.57,0.2,0.086
1994-04-08,825.28,0.329,0.108
1994-04-09,828.92,0.441,0.14
1994-04-12,829.32,0.048,0.14
1994-04-13,828.81,-0.061,0.142
1994-04-14,827.96,-0.103,0.147
1994-04-15,827.44,-0.063,0.149
1994-04-16,827.93,0.059,0.148
1994-04-19,829.47,0.186,0.145
1994-04-20,831.24,0.213,0.149
1994-04-21,834.30,0.368,0.164
1994-04-22,838.25,0.473,0.186
1994-04-23,836.96,-0.154,0.193
1994-04-26,835.40,-0.186,0.202
1994-04-27,837.31,0.229,0.201
1994-04-28,838.28,0.116,0.198
1994-04-29,837.27,-0.12,0.203
1994-04-30,836.86,-0.049,0.198
1994-05-03,838.04,0.141,0.198
1994-05-04,839.14,0.131,0.198
1994-05-05,841.00,0.222,0.198
1994-05-06,841.25,0.03,0.192
1994-05-07,841.70,0.053,0.174
1994-05-10,841.27,-0.051,0.177
1994-05-11,841.33,0.007,0.174
1994-05-12,841.92,0.07,0.169
1994-05-13,843.24,0.157,0.167
1994-05-14,842.23,-0.12,0.173
1994-05-18,842.21,-0.002,0.173
1994-05-19,842.83,0.074,0.17
1994-05-20,842.64,-0.023,0.155
1994-05-21,842.33,-0.037,0.12
1994-05-24,842.92,0.07,0.113
1994-05-25,843.08,0.019,0.1
1994-05-26,842.22,-0.102,0.095
1994-05-27,841.86,-0.043,0.094
1994-05-28,840.93,-0.11,0.094
1994-05-31,841.12,0.023,0.092
1994-06-01,841.93,0.096,0.09
1994-06-02,842.00,0.008,0.086
1994-06-03,841.44,-0.067,0.073
1994-06-04,840.37,-0.127,0.078
1994-06-08,839.56,-0.096,0.079
1994-06-09,838.03,-0.182,0.088
1994-06-10,834.96,-0.366,0.117
1994-06-11,833.19,-0.212,0.12
1994-06-15,833.16,-0.004,0.11
1994-06-16,833.35,0.023,0.111
1994-06-17,831.28,-0.248,0.118
1994-06-18,826.61,-0.562,0.158
1994-06-21,828.94,0.282,0.179
1994-06-22,826.90,-0.246,0.182
1994-06-23,824.76,-0.259,0.181
1994-06-24,822.87,-0.229,0.181
1994-06-25,821.00,-0.227,0.182
1994-06-28,820.13,-0.106,0.181
1994-06-29,818.73,-0.171,0.181
1994-06-30,819.64,0.111,0.186
1994-07-01,818.05,-0.194,0.179
1994-07-02,817.92,-0.016,0.178
1994-07-06,818.45,0.065,0.183
1994-07-07,820.42,0.241,0.202
1994-07-08,820.24,-0.022,0.203
1994-07-09,822.34,0.256,0.219
1994-07-12,822.14,-0.024,0.21
1994-07-13,823.12,0.119,0.211
1994-07-14,822.79,-0.04,0.211
1994-07-15,822.28,-0.062,0.21
1994-07-16,821.04,-0.151,0.207
1994-07-19,818.44,-0.317,0.181
1994-07-20,817.49,-0.116,0.164
1994-07-22,817.18,-0.038,0.159
1994-07-23,816.68,-0.061,0.152
1994-07-26,816.34,-0.042,0.146
1994-07-27,815.75,-0.072,0.139
1994-07-28,815.80,0.006,0.138
1994-07-29,815.62,-0.022,0.134
1994-07-30,815.62,0.0,0.13
1994-08-02,815.89,0.033,0.125
1994-08-03,814.53,-0.167,0.129
1994-08-04,812.69,-0.226,0.135
1994-08-05,812.57,-0.015,0.119
1994-08-06,811.91,-0.081,0.119
1994-08-09,812.39,0.059,0.099
1994-08-10,813.64,0.154,0.11
1994-08-11,815.40,0.216,0.119
1994-08-12,815.84,0.054,0.122
1994-08-13,814.94,-0.11,0.122
1994-08-17,814.40,-0.066,0.12
1994-08-18,813.93,-0.058,0.101
1994-08-19,813.88,-0.006,0.099
1994-08-20,813.76,-0.015,0.099
1994-08-23,815.20,0.177,0.108
1994-08-24,816.58,0.169,0.115
1994-08-25,816.77,0.023,0.113
1994-08-26,817.40,0.077,0.114
1994-08-27,816.29,-0.136,0.119
1994-08-30,816.18,-0.013,0.119
1994-08-31,816.30,0.015,0.119
1994-09-01,816.08,-0.027,0.112
1994-09-02,817.64,0.191,0.105
1994-09-03,818.81,0.143,0.107
1994-09-06,817.80,-0.123,0.11
1994-09-07,818.21,0.05,0.11
1994-09-08,819.24,0.126,0.108
1994-09-09,820.02,0.095,0.101
1994-09-10,820.26,0.029,0.101
1994-09-13,821.62,0.166,0.1
1994-09-14,824.34,0.331,0.115
1994-09-15,827.86,0.427,0.138
1994-09-16,833.10,0.633,0.183
1994-09-17,837.21,0.493,0.198
1994-09-20,838.63,0.17,0.198
1994-09-21,841.82,0.38,0.205
1994-09-22,842.70,0.105,0.203
1994-09-23,841.53,-0.139,0.213
1994-09-24,839.46,-0.246,0.222
1994-09-27,840.23,0.092,0.219
1994-09-28,841.51,0.152,0.217
1994-09-29,841.32,-0.023,0.217
1994-09-30,842.00,0.081,0.217
1994-10-01,843.00,0.119,0.217
1994-10-04,843.65,0.077,0.209
1994-10-05,844.40,0.089,0.208
1994-10-06,842.54,-0.22,0.224
1994-10-07,840.06,-0.294,0.245
1994-10-08,836.80,-0.388,0.269
1994-10-11,835.59,-0.145,0.274
1994-10-12,835.38,-0.025,0.269
1994-10-13,836.40,0.122,0.256
1994-10-14,836.01,-0.047,0.217
1994-10-15,834.83,-0.141,0.188
1994-10-19,835.33,0.06,0.184
1994-10-20,836.72,0.166,0.165
1994-10-21,838.32,0.191,0.169
1994-10-22,841.41,0.369,0.189
1994-10-25,842.60,0.141,0.182
1994-10-26,843.48,0.104,0.182
1994-10-27,841.32,-0.256,0.189
1994-10-28,840.05,-0.151,0.192
1994-10-29,838.55,-0.179,0.195
1994-11-01,837.62,-0.111,0.193
1994-11-02,837.79,0.02,0.191
1994-11-03,836.18,-0.192,0.192
1994-11-04,833.19,-0.358,0.201
1994-11-05,831.25,-0.233,0.197
1994-11-09,829.09,-0.26,0.188
1994-11-10,826.84,-0.271,0.193
1994-11-11,825.17,-0.202,0.196
1994-11-12,825.87,0.085,0.194
1994-11-16,826.45,0.07,0.197
1994-11-17,828.74,0.277,0.209
1994-11-18,830.49,0.211,0.215
1994-11-19,828.46,-0.244,0.215
1994-11-22,829.08,0.075,0.21
1994-11-23,830.74,0.2,0.195
1994-11-24,828.67,-0.249,0.193
1994-11-25,828.76,0.011,0.189
1994-11-26,828.42,-0.041,0.185
1994-11-29,828.66,0.029,0.186
1994-11-30,829.03,0.045,0.186
1994-12-01,829.29,0.031,0.186
1994-12-02,829.56,0.033,0.186
1994-12-03,830.00,0.053,0.185
1994-12-06,830.37,0.045,0.169
1994-12-07,830.85,0.058,0.162
1994-12-08,831.10,0.03,0.15
1994-12-10,831.49,0.047,0.135
1994-12-13,831.91,0.051,0.123
1994-12-14,824.68,-0.869,0.237
1994-12-15,825.00,0.039,0.237
1994-12-16,827.60,0.315,0.239
1994-12-17,829.72,0.256,0.242
1994-12-20,831.06,0.162,0.237
1994-12-21,830.16,-0.108,0.239
1994-12-22,827.95,-0.266,0.241
1994-12-23,827.70,-0.03,0.235
1994-12-24,826.47,-0.149,0.237
1994-12-27,827.33,0.104,0.239
1994-12-28,829.95,0.317,0.249
1994-12-29,831.60,0.199,0.253
1994-12-30,831.27,-0.04,0.253
1994-12-31,831.27,0.0,0.253
1995-01-03,833.18,0.23,0.258
1995-01-04,835.38,0.264,0.263
1995-01-05,838.33,0.353,0.273
1995-01-06,838.87,0.064,0.273
1995-01-07,837.07,-0.215,0.279
1995-01-10,837.07,0.0,0.279
1995-01-11,840.36,0.393,0.195
1995-01-12,843.69,0.396,0.206
1995-01-13,841.52,-0.257,0.216
1995-01-14,843.70,0.259,0.216
1995-01-17,846.61,0.345,0.223
1995-01-18,847.61,0.118,0.218
1995-01-19,850.26,0.313,0.204
1995-01-20,852.68,0.285,0.203
1995-01-21,855.54,0.335,0.194
1995-01-24,855.49,-0.006,0.198
1995-01-25,856.65,0.136,0.195
1995-01-26,857.56,0.106,0.195
1995-01-27,859.30,0.203,0.19
1995-01-28,857.83,-0.171,0.201
1995-01-31,856.41,-0.166,0.213
1995-02-01,857.16,0.088,0.211
1995-02-02,855.76,-0.163,0.214
1995-02-03,852.22,-0.414,0.243
1995-02-04,848.82,-0.399,0.258
1995-02-07,848.27,-0.065,0.259
1995-02-08,848.43,0.019,0.248
1995-02-09,847.04,-0.164,0.238
1995-02-10,845.73,-0.155,0.232
1995-02-11,845.37,-0.043,0.226
1995-02-14,846.20,0.098,0.213
1995-02-15,848.15,0.23,0.218
1995-02-16,848.52,0.044,0.206
1995-02-17,848.90,0.045,0.194
1995-02-18,849.41,0.06,0.177
1995-02-21,851.88,0.291,0.191
1995-02-22,853.63,0.205,0.195
1995-02-23,855.32,0.198,0.199
1995-02-24,855.48,0.019,0.193
1995-02-25,854.71,-0.09,0.19
1995-02-28,856.99,0.267,0.197
1995-03-01,857.85,0.1,0.197
1995-03-02,858.87,0.119,0.195
1995-03-03,861.33,0.286,0.175
1995-03-04,859.65,-0.195,0.152
1995-03-07,858.95,-0.081,0.152
1995-03-08,861.13,0.254,0.158
1995-03-09,862.41,0.149,0.148
1995-03-10,863.06,0.075,0.137
1995-03-11,865.36,0.266,0.137
1995-03-14,865.92,0.065,0.137
1995-03-15,866.96,0.12,0.135
1995-03-16,866.40,-0.065,0.14
1995-03-17,865.63,-0.089,0.146
1995-03-18,863.77,-0.215,0.161
1995-03-21,863.77,0.0,0.155
1995-03-22,865.89,0.245,0.157
1995-03-23,867.81,0.222,0.158
1995-03-24,868.95,0.131,0.158
1995-03-25,869.22,0.031,0.153
1995-03-28,870.14,0.106,0.148
1995-03-29,872.57,0.279,0.154
1995-03-30,876.21,0.417,0.171
1995-03-31,880.23,0.459,0.185
1995-04-01,878.18,-0.233,0.188
1995-04-04,876.00,-0.248,0.2
1995-04-05,874.30,-0.194,0.207
1995-04-06,871.60,-0.309,0.223
1995-04-07,868.96,-0.303,0.237
1995-04-08,869.15,0.022,0.231
1995-04-11,866.78,-0.273,0.239
1995-04-12,868.80,0.233,0.244
1995-04-13,866.25,-0.294,0.252
1995-04-14,866.25,0.0,0.252
1995-04-15,866.25,0.0,0.246
1995-04-18,871.87,0.649,0.284
1995-04-19,874.37,0.287,0.286
1995-04-20,874.35,-0.002,0.283
1995-04-21,877.38,0.347,0.291
1995-04-22,876.55,-0.095,0.293
1995-04-25,878.20,0.188,0.294
1995-04-26,876.32,-0.214,0.294
1995-04-27,875.78,-0.062,0.279
1995-04-28,876.21,0.049,0.258
1995-04-29,877.90,0.193,0.257
1995-05-02,877.90,0.0,0.251
1995-05-03,880.63,0.311,0.254
1995-05-04,882.97,0.266,0.246
1995-05-05,882.24,-0.083,0.233
1995-05-06,881.07,-0.133,0.237
1995-05-09,881.33,0.03,0.224
1995-05-10,878.87,-0.279,0.235
1995-05-11,880.25,0.157,0.22
1995-05-12,881.07,0.093,0.22
1995-05-13,879.35,-0.195,0.228
1995-05-16,877.45,-0.216,0.192
1995-05-17,875.17,-0.26,0.193
1995-05-18,874.74,-0.049,0.194
1995-05-19,875.75,0.115,0.178
1995-05-20,873.52,-0.255,0.186
1995-05-23,871.11,-0.276,0.188
1995-05-24,869.95,-0.133,0.185
1995-05-25,870.55,0.069,0.186
1995-05-26,872.96,0.277,0.198
1995-05-27,872.66,-0.034,0.191
1995-05-30,872.66,0.0,0.191
1995-05-31,876.36,0.424,0.203
1995-06-01,876.62,0.03,0.192
1995-06-02,877.22,0.068,0.193
1995-06-03,875.99,-0.14,0.193
1995-06-06,874.81,-0.135,0.194
1995-06-07,873.06,-0.2,0.19
1995-06-08,871.02,-0.234,0.189
1995-06-09,871.93,0.104,0.19
1995-06-10,871.94,0.001,0.187
1995-06-13,873.74,0.206,0.19
1995-06-14,875.28,0.176,0.186
1995-06-15,873.78,-0.171,0.19
1995-06-16,872.54,-0.142,0.19
1995-06-17,873.91,0.157,0.185
1995-06-20,873.91,0.0,0.173
1995-06-21,875.59,0.192,0.174
1995-06-22,875.32,-0.031,0.174
1995-06-23,874.81,-0.058,0.165
1995-06-24,873.64,-0.134,0.168
1995-06-27,873.64,0.0,0.168
1995-06-28,875.95,0.264,0.15
1995-06-29,878.80,0.325,0.167
1995-06-30,881.23,0.277,0.177
1995-07-01,880.49,-0.084,0.174
1995-07-04,880.49,0.0,0.17
1995-07-05,883.81,0.377,0.178
1995-07-06,887.30,0.395,0.178
1995-07-07,891.28,0.449,0.195
1995-07-08,891.44,0.018,0.195
1995-07-11,897.12,0.637,0.227
1995-07-12,897.51,0.043,0.228
1995-07-13,895.84,-0.186,0.229
1995-07-14,892.82,-0.337,0.244
1995-07-15,893.36,0.06,0.244
1995-07-18,891.76,-0.179,0.252
1995-07-19,894.03,0.255,0.253
1995-07-20,894.50,0.053,0.252
1995-07-21,894.50,0.0,0.25
1995-07-22,894.98,0.054,0.244
1995-07-25,896.68,0.19,0.242
1995-07-26,897.32,0.071,0.241
1995-07-27,897.77,0.05,0.236
1995-07-28,895.56,-0.246,0.245
1995-07-29,897.63,0.231,0.244
1995-08-01,898.35,0.08,0.243
1995-08-02,900.78,0.27,0.238
1995-08-03,905.53,0.527,0.248
1995-08-04,917.53,1.325,0.363
1995-08-05,916.14,-0.151,0.368
1995-08-08,916.14,0.0,0.35
1995-08-09,920.10,0.432,0.357
1995-08-10,919.32,-0.085,0.353
1995-08-11,917.13,-0.238,0.347
1995-08-12,919.13,0.218,0.347
1995-08-15,922.21,0.335,0.341
1995-08-16,928.25,0.655,0.358
1995-08-17,944.55,1.756,0.498
1995-08-18,947.22,0.283,0.494
1995-08-19,946.83,-0.041,0.497
1995-08-22,946.83,0.0,0.501
1995-08-23,949.51,0.283,0.499
1995-08-24,955.12,0.591,0.5
1995-08-25,962.60,0.783,0.492
1995-08-26,970.65,0.836,0.502
1995-08-29,972.03,0.142,0.5
1995-08-30,963.93,-0.833,0.571
1995-08-31,960.19,-0.388,0.592
1995-09-01,949.35,-1.129,0.62
1995-09-02,948.23,-0.118,0.62
1995-09-05,957.54,0.982,0.644
1995-09-06,958.46,0.096,0.642
1995-09-07,953.63,-0.504,0.659
1995-09-08,954.64,0.106,0.652
1995-09-09,958.31,0.384,0.653
1995-09-12,958.59,0.029,0.653
1995-09-13,959.18,0.062,0.645
1995-09-14,959.15,-0.003,0.525
1995-09-15,960.25,0.115,0.523
1995-09-16,960.91,0.069,0.523
1995-09-19,962.50,0.165,0.523
1995-09-20,970.08,0.788,0.545
1995-09-21,974.88,0.495,0.541
1995-09-22,974.23,-0.067,0.517
1995-09-23,975.90,0.171,0.485
1995-09-26,977.35,0.149,0.485
1995-09-27,980.54,0.326,0.444
1995-09-28,981.09,0.056,0.43
1995-09-29,972.80,-0.845,0.39
1995-09-30,966.78,-0.619,0.421
1995-10-03,971.22,0.459,0.378
1995-10-04,976.76,0.57,0.394
1995-10-05,972.75,-0.411,0.387
1995-10-06,972.93,0.019,0.387
1995-10-07,979.16,0.64,0.401
1995-10-10,982.84,0.376,0.405
1995-10-11,981.45,-0.141,0.409
1995-10-12,981.26,-0.019,0.409
1995-10-13,984.88,0.369,0.413
1995-10-14,987.00,0.215,0.414
1995-10-17,987.00,0.0,0.415
1995-10-18,990.52,0.357,0.389
1995-10-19,991.22,0.071,0.378
1995-10-20,991.52,0.03,0.376
1995-10-21,988.96,-0.258,0.384
1995-10-24,991.98,0.305,0.387
1995-10-25,993.68,0.171,0.383
1995-10-26,994.77,0.11,0.383
1995-10-27,995.01,0.024,0.318
1995-10-28,994.99,-0.002,0.269
1995-10-31,994.50,-0.049,0.262
1995-11-01,996.76,0.227,0.241
1995-11-02,996.96,0.02,0.21
1995-11-03,998.18,0.122,0.209
1995-11-04,998.49,0.031,0.171
1995-11-07,998.49,0.0,0.159
1995-11-08,999.51,0.102,0.151
1995-11-09,999.73,0.022,0.149
1995-11-10,1000.13,0.04,0.135
1995-11-11,999.77,-0.036,0.133
1995-11-14,999.77,0.0,0.133
1995-11-15,1001.14,0.137,0.116
1995-11-16,1001.62,0.048,0.116
1995-11-17,1002.25,0.063,0.115
1995-11-18,1002.63,0.038,0.089
1995-11-21,1003.44,0.081,0.07
1995-11-22,1003.47,0.003,0.066
1995-11-23,1002.49,-0.098,0.072
1995-11-24,1001.23,-0.126,0.08
1995-11-25,1000.69,-0.054,0.082
1995-11-28,1003.24,0.255,0.094
1995-11-29,1001.73,-0.151,0.094
1995-11-30,998.16,-0.356,0.127
1995-12-01,998.15,-0.001,0.124
1995-12-02,997.87,-0.028,0.124
1995-12-05,995.93,-0.194,0.131
1995-12-06,990.16,-0.579,0.179
1995-12-07,983.29,-0.694,0.229
1995-12-08,974.04,-0.941,0.297
1995-12-12,979.87,0.599,0.338
1995-12-13,986.17,0.643,0.377
1995-12-14,994.57,0.852,0.428
1995-12-15,992.88,-0.17,0.428
1995-12-16,988.94,-0.397,0.435
1995-12-19,986.71,-0.225,0.435
1995-12-20,987.22,0.052,0.435
1995-12-21,985.39,-0.185,0.435
1995-12-22,984.06,-0.135,0.435
1995-12-23,984.96,0.091,0.437
1995-12-27,990.10,0.522,0.457
1995-12-28,986.96,-0.317,0.455
1995-12-29,987.65,0.07,0.456
1995-12-30,987.65,0.0,0.451
1996-01-03,994.31,0.674,0.479
1996-01-04,994.50,0.019,0.479
1996-01-05,998.68,0.42,0.487
1996-01-06,997.06,-0.162,0.469
1996-01-09,997.06,0.0,0.436
1996-01-10,1003.44,0.64,0.384
1996-01-11,1003.86,0.042,0.369
1996-01-12,1002.59,-0.127,0.352
1996-01-13,1005.63,0.303,0.307
1996-01-16,1011.59,0.593,0.325
1996-01-17,1011.72,0.013,0.304
1996-01-18,1010.34,-0.136,0.3
1996-01-19,1015.10,0.471,0.309
1996-01-20,1018.99,0.383,0.304
1996-01-23,1019.17,0.018,0.298
1996-01-24,1024.89,0.561,0.309
1996-01-25,1026.08,0.116,0.3
1996-01-26,1026.78,0.068,0.278
1996-01-27,1026.89,0.011,0.28
1996-01-30,1027.61,0.07,0.278
1996-01-31,1028.14,0.052,0.255
1996-02-01,1026.30,-0.179,0.265
1996-02-02,1024.89,-0.137,0.265
1996-02-03,1021.29,-0.351,0.279
1996-02-06,1022.93,0.161,0.278
1996-02-07,1021.30,-0.159,0.257
1996-02-08,1022.28,0.096,0.257
1996-02-09,1024.17,0.185,0.253
1996-02-10,1023.07,-0.107,0.253
1996-02-13,1027.54,0.437,0.238
1996-02-14,1028.58,0.101,0.238
1996-02-15,1027.57,-0.098,0.236
1996-02-16,1030.67,0.302,0.224
1996-02-17,1029.50,-0.114,0.216
1996-02-20,1033.41,0.38,0.227
1996-02-21,1034.34,0.09,0.196
1996-02-22,1035.43,0.105,0.196
1996-02-23,1035.04,-0.038,0.197
1996-02-24,1036.71,0.161,0.198
1996-02-27,1038.49,0.172,0.2
1996-02-28,1039.06,0.055,0.2
1996-02-29,1039.81,0.072,0.193
1996-03-01,1039.90,0.009,0.187
1996-03-02,1040.70,0.077,0.159
1996-03-05,1041.28,0.056,0.158
1996-03-06,1041.83,0.053,0.147
1996-03-07,1042.03,0.019,0.148
1996-03-08,1042.61,0.056,0.147
1996-03-09,1042.42,-0.018,0.142
1996-03-12,1043.50,0.104,0.117
1996-03-13,1044.07,0.055,0.117
1996-03-14,1044.99,0.088,0.11
1996-03-15,1045.44,0.043,0.097
1996-03-16,1046.09,0.062,0.087
1996-03-19,1046.76,0.064,0.051
1996-03-20,1047.24,0.046,0.051
1996-03-21,1047.65,0.039,0.05
1996-03-22,1048.40,0.072,0.044
1996-03-23,1048.00,-0.038,0.044
1996-03-26,1048.00,0.0,0.035
1996-03-27,1049.08,0.103,0.038
1996-03-28,1049.22,0.013,0.038
1996-03-29,1048.42,-0.076,0.046
1996-03-30,1046.00,-0.231,0.075
1996-04-02,1042.20,-0.363,0.115
1996-04-03,1045.23,0.291,0.131
1996-04-04,1046.92,0.162,0.135
1996-04-09,1050.12,0.306,0.149
1996-04-10,1047.35,-0.264,0.163
1996-04-11,1046.55,-0.076,0.163
1996-04-12,1047.48,0.089,0.164
1996-04-13,1048.89,0.135,0.165
1996-04-16,1050.73,0.175,0.169
1996-04-17,1054.41,0.35,0.184
1996-04-18,1054.03,-0.036,0.185
1996-04-19,1052.90,-0.107,0.187
1996-04-20,1053.59,0.066,0.188
1996-04-23,1054.43,0.08,0.188
1996-04-24,1055.31,0.083,0.187
1996-04-25,1054.53,-0.074,0.189
1996-04-26,1054.29,-0.023,0.188
1996-04-27,1054.80,0.048,0.188
1996-04-30,1058.90,0.389,0.203
1996-05-01,1061.55,0.25,0.197
1996-05-03,1062.56,0.095,0.167
1996-05-04,1062.40,-0.015,0.163
1996-05-07,1063.41,0.095,0.162
1996-05-08,1063.53,0.011,0.153
1996-05-09,1061.63,-0.179,0.144
1996-05-10,1061.10,-0.05,0.143
1996-05-11,1062.08,0.092,0.143
1996-05-14,1065.78,0.348,0.156
1996-05-15,1066.24,0.043,0.154
1996-05-16,1066.61,0.035,0.14
1996-05-17,1065.88,-0.068,0.141
1996-05-18,1066.47,0.055,0.136
1996-05-22,1068.18,0.16,0.138
1996-05-23,1068.91,0.068,0.138
1996-05-24,1069.47,0.052,0.138
1996-05-25,1068.94,-0.05,0.136
1996-05-28,1069.80,0.08,0.135
1996-05-29,1071.19,0.13,0.135
1996-05-30,1072.24,0.098,0.114
1996-05-31,1073.06,0.076,0.105
1996-06-01,1072.59,-0.044,0.107
1996-06-04,1074.70,0.197,0.111
1996-06-05,1074.72,0.002,0.111
1996-06-06,1074.27,-0.042,0.113
1996-06-07,1072.95,-0.123,0.107
1996-06-08,1073.06,0.01,0.105
1996-06-12,1073.65,0.055,0.105
1996-06-13,1070.80,-0.265,0.104
1996-06-14,1072.34,0.144,0.107
1996-06-15,1071.35,-0.092,0.111
1996-06-19,1072.74,0.13,0.111
1996-06-20,1070.94,-0.168,0.119
1996-06-21,1070.86,-0.007,0.115
1996-06-22,1068.20,-0.248,0.128
1996-06-25,1070.25,0.192,0.135
1996-06-26,1069.81,-0.041,0.135
1996-06-27,1072.37,0.239,0.144
1996-06-28,1069.73,-0.246,0.152
1996-06-29,1069.11,-0.058,0.15
1996-07-03,1070.55,0.135,0.153
1996-07-04,1068.12,-0.227,0.16
1996-07-05,1068.30,0.017,0.152
1996-07-06,1067.35,-0.089,0.152
1996-07-09,1068.17,0.077,0.154
1996-07-10,1067.97,-0.019,0.153
1996-07-11,1065.65,-0.217,0.158
1996-07-12,1061.79,-0.362,0.173
1996-07-13,1061.99,0.019,0.166
1996-07-16,1065.58,0.338,0.182
1996-07-17,1064.82,-0.071,0.182
1996-07-18,1062.86,-0.184,0.181
1996-07-19,1058.92,-0.371,0.194
1996-07-20,1061.02,0.198,0.202
1996-07-23,1063.53,0.237,0.205
1996-07-24,1064.56,0.097,0.201
1996-07-25,1061.46,-0.291,0.209
1996-07-26,1061.03,-0.041,0.199
1996-07-27,1061.48,0.042,0.195
1996-07-30,1059.18,-0.217,0.199
1996-07-31,1056.74,-0.23,0.198
1996-08-01,1057.47,0.069,0.196
1996-08-02,1054.87,-0.246,0.2
1996-08-03,1054.10,-0.073,0.2
1996-08-06,1051.61,-0.236,0.201
1996-08-07,1049.37,-0.213,0.203
1996-08-09,1044.90,-0.426,0.215
1996-08-10,1040.68,-0.404,0.218
1996-08-13,1035.79,-0.47,0.231
1996-08-14,1029.46,-0.611,0.228
1996-08-15,1041.76,1.195,0.382
1996-08-16,1051.82,0.966,0.45
1996-08-17,1047.90,-0.373,0.45
1996-08-21,1044.54,-0.321,0.45
1996-08-22,1037.43,-0.681,0.463
1996-08-23,1040.15,0.262,0.468
1996-08-24,1037.10,-0.293,0.468
1996-08-27,1041.64,0.438,0.484
1996-08-28,1044.54,0.278,0.491
1996-08-29,1046.70,0.207,0.494
1996-08-30,1045.02,-0.161,0.492
1996-08-31,1042.32,-0.258,0.494
1996-09-03,1044.38,0.198,0.495
1996-09-04,1045.27,0.085,0.496
1996-09-05,1044.09,-0.113,0.494
1996-09-06,1043.93,-0.015,0.493
1996-09-07,1045.87,0.186,0.485
1996-09-10,1047.95,0.199,0.477
1996-09-11,1051.64,0.352,0.467
1996-09-12,1047.26,-0.416,0.453
1996-09-13,1047.66,0.038,0.371
1996-09-14,1043.89,-0.36,0.308
1996-09-17,1042.80,-0.104,0.298
1996-09-18,1038.90,-0.374,0.301
1996-09-19,1035.94,-0.285,0.267
1996-09-20,1037.10,0.112,0.261
1996-09-21,1037.11,0.001,0.252
1996-09-24,1038.09,0.094,0.232
1996-09-25,1040.36,0.219,0.228
1996-09-26,1030.25,-0.972,0.306
1996-09-27,1027.68,-0.249,0.308
1996-09-28,1025.06,-0.255,0.308
1996-10-01,1027.08,0.197,0.307
1996-10-02,1030.54,0.337,0.32
1996-10-03,1019.17,-1.103,0.395
1996-10-04,1015.24,-0.386,0.398
1996-10-05,1014.99,-0.025,0.392
1996-10-08,1012.56,-0.239,0.383
1996-10-09,1010.32,-0.221,0.363
1996-10-10,1012.27,0.193,0.37
1996-10-11,1013.12,0.084,0.371
1996-10-12,1015.07,0.192,0.376
1996-10-16,1019.22,0.409,0.396
1996-10-17,1018.50,-0.071,0.391
1996-10-18,1015.24,-0.32,0.392
1996-10-19,1016.87,0.161,0.394
1996-10-22,1018.33,0.144,0.397
1996-10-23,1018.04,-0.028,0.395
1996-10-24,1017.52,-0.051,0.388
1996-10-25,1015.49,-0.2,0.332
1996-10-26,1011.69,-0.374,0.337
1996-10-29,1012.43,0.073,0.336
1996-10-30,1007.57,-0.48,0.342
1996-10-31,1005.83,-0.173,0.327
1996-11-01,1000.14,-0.566,0.257
1996-11-02,999.49,-0.065,0.247
1996-11-06,1006.36,0.687,0.301
1996-11-07,1003.75,-0.259,0.301
1996-11-08,999.59,-0.414,0.31
1996-11-09,1001.24,0.165,0.309
1996-11-13,1000.22,-0.102,0.308
1996-11-14,997.38,-0.284,0.305
1996-11-15,1001.68,0.431,0.307
1996-11-16,999.68,-0.2,0.308
1996-11-19,995.96,-0.372,0.31
1996-11-20,994.02,-0.195,0.305
1996-11-21,995.20,0.119,0.304
1996-11-22,994.37,-0.083,0.304
1996-11-23,995.34,0.098,0.307
1996-11-26,995.05,-0.029,0.307
1996-11-27,995.05,0.0,0.301
1996-11-28,995.93,0.088,0.301
1996-11-29,994.94,-0.099,0.286
1996-11-30,1002.28,0.738,0.336
1996-12-03,1000.09,-0.219,0.314
1996-12-04,995.73,-0.436,0.329
1996-12-05,997.40,0.168,0.288
1996-12-06,997.48,0.008,0.284
1996-12-07,1001.82,0.435,0.287
1996-12-10,997.99,-0.382,0.298
1996-12-11,998.17,0.018,0.297
1996-12-12,998.31,0.014,0.29
1996-12-13,999.47,0.116,0.274
1996-12-14,1002.95,0.348,0.281
1996-12-17,1001.58,-0.137,0.269
1996-12-18,1000.40,-0.118,0.266
1996-12-19,1001.18,0.078,0.265
1996-12-20,1001.10,-0.008,0.264
1996-12-21,1003.15,0.205,0.266
1996-12-24,1002.51,-0.064,0.267
1996-12-27,1003.49,0.098,0.267
1996-12-28,1005.40,0.19,0.269
1996-12-31,1005.33,-0.007,0.267
1997-01-03,1007.33,0.199,0.217
1997-01-04,1016.81,0.941,0.291
1997-01-08,1022.00,0.51,0.279
1997-01-09,1020.16,-0.18,0.287
1997-01-10,1013.68,-0.635,0.332
1997-01-11,1011.01,-0.263,0.329
1997-01-14,1015.53,0.447,0.325
1997-01-15,1026.53,1.083,0.393
1997-01-16,1023.47,-0.298,0.404
1997-01-17,1018.15,-0.52,0.429
1997-01-18,1020.90,0.27,0.427
1997-01-21,1022.75,0.181,0.424
1997-01-22,1023.67,0.09,0.421
1997-01-23,1031.02,0.718,0.442
1997-01-24,1031.51,0.048,0.441
1997-01-25,1032.62,0.108,0.441
1997-01-28,1040.07,0.721,0.456
1997-01-29,1057.00,1.628,0.557
1997-01-30,1057.82,0.078,0.559
1997-01-31,1070.97,1.243,0.596
1997-02-01,1064.00,-0.651,0.634
1997-02-04,1065.98,0.186,0.615
1997-02-05,1076.25,0.963,0.634
1997-02-06,1071.88,-0.406,0.644
1997-02-07,1070.08,-0.168,0.618
1997-02-08,1066.44,-0.34,0.622
1997-02-11,1074.25,0.732,0.629
1997-02-12,1075.17,0.086,0.601
1997-02-13,1075.51,0.032,0.591
1997-02-14,1073.36,-0.2,0.573
1997-02-15,1075.00,0.153,0.573
1997-02-18,1076.04,0.097,0.574
1997-02-19,1075.11,-0.086,0.578
1997-02-20,1074.50,-0.057,0.571
1997-02-21,1074.10,-0.037,0.572
1997-02-22,1073.42,-0.063,0.575
1997-02-25,1078.23,0.448,0.565
1997-02-26,1084.09,0.543,0.462
1997-02-27,1080.93,-0.291,0.471
1997-02-28,1080.51,-0.039,0.389
1997-03-01,1077.07,-0.318,0.364
1997-03-04,1075.86,-0.112,0.364
1997-03-05,1067.77,-0.752,0.338
1997-03-06,1063.44,-0.406,0.338
1997-03-07,1057.58,-0.551,0.356
1997-03-08,1054.05,-0.334,0.356
1997-03-11,1056.92,0.272,0.315
1997-03-12,1062.73,0.55,0.343
1997-03-13,1063.33,0.056,0.344
1997-03-14,1060.35,-0.28,0.346
1997-03-15,1060.86,0.048,0.343
1997-03-18,1059.87,-0.093,0.341
1997-03-19,1058.61,-0.119,0.341
1997-03-20,1060.31,0.161,0.346
1997-03-21,1060.66,0.033,0.346
1997-03-22,1060.03,-0.059,0.346
1997-03-26,1059.53,-0.047,0.325
1997-03-27,1059.88,0.033,0.291
1997-04-01,1060.93,0.099,0.291
1997-04-02,1061.98,0.099,0.294
1997-04-03,1061.95,-0.003,0.29
1997-04-04,1062.46,0.048,0.291
1997-04-05,1062.58,0.011,0.241
1997-04-08,1063.30,0.068,0.225
1997-04-09,1062.67,-0.059,0.185
1997-04-10,1062.78,0.01,0.164
1997-04-11,1060.71,-0.195,0.163
1997-04-12,1058.76,-0.184,0.111
1997-04-15,1058.73,-0.003,0.11
1997-04-16,1058.97,0.023,0.092
1997-04-17,1056.91,-0.195,0.1
1997-04-18,1054.35,-0.242,0.111
1997-04-19,1051.43,-0.277,0.123
1997-04-22,1054.94,0.334,0.142
1997-04-23,1057.64,0.256,0.155
1997-04-24,1065.48,0.741,0.229
1997-04-25,1066.77,0.121,0.229
1997-04-26,1063.83,-0.276,0.239
1997-04-29,1064.00,0.016,0.238
1997-04-30,1063.11,-0.084,0.238
1997-05-01,1064.01,0.085,0.239
1997-05-03,1068.53,0.425,0.256
1997-05-06,1076.39,0.736,0.301
1997-05-07,1080.48,0.38,0.309
1997-05-08,1075.05,-0.503,0.335
1997-05-09,1073.77,-0.119,0.337
1997-05-10,1076.93,0.294,0.336
1997-05-14,1077.36,0.04,0.33
1997-05-15,1074.43,-0.272,0.34
1997-05-16,1074.52,0.008,0.34
1997-05-17,1072.24,-0.212,0.34
1997-05-20,1073.54,0.121,0.332
1997-05-21,1075.20,0.155,0.321
1997-05-22,1080.44,0.487,0.328
1997-05-23,1080.43,-0.001,0.328
1997-05-24,1076.69,-0.346,0.307
1997-05-27,1076.69,0.0,0.306
1997-05-28,1076.24,-0.042,0.298
1997-05-29,1074.32,-0.178,0.302
1997-05-30,1076.40,0.194,0.302
1997-05-31,1077.09,0.064,0.302
1997-06-04,1079.10,0.187,0.292
1997-06-05,1077.19,-0.177,0.247
1997-06-06,1076.49,-0.065,0.23
1997-06-07,1076.18,-0.029,0.2
1997-06-11,1078.64,0.229,0.204
1997-06-12,1080.61,0.183,0.198
1997-06-13,1080.46,-0.014,0.198
1997-06-14,1080.59,0.012,0.186
1997-06-17,1082.43,0.17,0.189
1997-06-18,1086.00,0.33,0.19
1997-06-19,1084.38,-0.149,0.195
1997-06-20,1084.28,-0.009,0.194
1997-06-21,1086.36,0.192,0.168
1997-06-24,1088.16,0.166,0.17
1997-06-25,1086.47,-0.155,0.152
1997-06-26,1087.72,0.115,0.152
1997-06-27,1090.58,0.263,0.158
1997-06-28,1089.01,-0.144,0.155
1997-07-02,1093.25,0.389,0.169
1997-07-03,1098.72,0.5,0.194
1997-07-04,1102.84,0.375,0.202
1997-07-05,1101.57,-0.115,0.198
1997-07-08,1102.45,0.08,0.194
1997-07-09,1101.18,-0.115,0.198
1997-07-10,1098.64,-0.231,0.211
1997-07-11,1097.88,-0.069,0.213
1997-07-12,1098.46,0.053,0.212
1997-07-15,1099.56,0.1,0.211
1997-07-16,1099.25,-0.028,0.212
1997-07-17,1100.83,0.144,0.204
1997-07-18,1102.48,0.15,0.198
1997-07-19,1105.33,0.259,0.2
1997-07-22,1109.46,0.374,0.209
1997-07-23,1110.32,0.078,0.208
1997-07-24,1106.70,-0.326,0.223
1997-07-25,1106.64,-0.005,0.224
1997-07-26,1106.06,-0.052,0.222
1997-07-29,1108.16,0.19,0.217
1997-07-30,1106.67,-0.134,0.21
1997-07-31,1109.65,0.269,0.19
1997-08-01,1112.53,0.26,0.181
1997-08-02,1113.43,0.081,0.178
1997-08-05,1112.83,-0.054,0.179
1997-08-06,1115.43,0.234,0.179
1997-08-07,1115.20,-0.021,0.167
1997-08-09,1118.96,0.337,0.173
1997-08-12,1119.38,0.038,0.173
1997-08-13,1120.33,0.085,0.173
1997-08-14,1125.62,0.472,0.19
1997-08-15,1128.25,0.234,0.192
1997-08-16,1129.05,0.071,0.192
1997-08-20,1137.54,0.752,0.237
1997-08-21,1140.54,0.264,0.233
1997-08-22,1149.19,0.758,0.27
1997-08-23,1154.23,0.439,0.249
1997-08-26,1145.52,-0.755,0.327
1997-08-27,1154.89,0.818,0.353
1997-08-28,1161.15,0.542,0.36
1997-08-29,1167.28,0.528,0.355
1997-08-30,1172.28,0.428,0.357
1997-09-02,1174.01,0.148,0.358
1997-09-03,1169.38,-0.394,0.386
1997-09-04,1172.82,0.294,0.379
1997-09-05,1180.94,0.692,0.391
1997-09-06,1186.98,0.511,0.387
1997-09-09,1204.09,1.441,0.462
1997-09-10,1238.21,2.834,0.712
1997-09-11,1250.03,0.955,0.711
1997-09-12,1232.12,-1.433,0.839
1997-09-13,1228.01,-0.334,0.856
1997-09-16,1245.06,1.388,0.878
1997-09-17,1243.58,-0.119,0.886
1997-09-18,1241.83,-0.141,0.895
1997-09-19,1236.31,-0.445,0.912
1997-09-20,1238.29,0.16,0.913
1997-09-23,1242.45,0.336,0.875
1997-09-24,1248.83,0.514,0.87
1997-09-25,1251.88,0.244,0.87
1997-09-26,1249.73,-0.172,0.878
1997-09-27,1241.72,-0.641,0.904
1997-09-30,1246.27,0.366,0.904
1997-10-01,1244.63,-0.132,0.895
1997-10-02,1243.27,-0.109,0.9
1997-10-03,1242.16,-0.089,0.899
1997-10-04,1244.84,0.216,0.897
1997-10-07,1250.95,0.491,0.854
1997-10-08,1247.51,-0.275,0.591
1997-10-09,1252.74,0.419,0.559
1997-10-10,1258.04,0.423,0.45
1997-10-11,1265.38,0.583,0.449
1997-10-15,1272.77,0.584,0.36
1997-10-16,1263.79,-0.706,0.401
1997-10-17,1268.87,0.402,0.404
1997-10-18,1264.70,-0.329,0.396
1997-10-21,1264.60,-0.008,0.397
1997-10-22,1264.32,-0.022,0.394
1997-10-23,1267.87,0.281,0.384
1997-10-24,1267.10,-0.061,0.383
1997-10-25,1272.02,0.388,0.386
1997-10-28,1274.05,0.16,0.345
1997-10-29,1289.84,1.239,0.423
1997-10-30,1282.82,-0.544,0.448
1997-10-31,1281.20,-0.126,0.449
1997-11-01,1284.65,0.269,0.446
1997-11-05,1284.63,-0.002,0.447
1997-11-06,1281.18,-0.269,0.45
1997-11-07,1286.73,0.433,0.445
1997-11-08,1291.35,0.359,0.443
1997-11-11,1295.52,0.323,0.44
1997-11-12,1294.51,-0.078,0.431
1997-11-13,1296.66,0.166,0.417
1997-11-14,1297.87,0.093,0.372
1997-11-15,1298.04,0.013,0.367
1997-11-19,1297.94,-0.008,0.354
1997-11-20,1296.62,-0.102,0.356
1997-11-21,1298.19,0.121,0.354
1997-11-22,1296.30,-0.146,0.358
1997-11-25,1296.37,0.005,0.357
1997-11-26,1299.19,0.218,0.352
1997-11-27,1303.15,0.305,0.354
1997-11-28,1303.10,-0.004,0.236
1997-11-29,1305.66,0.196,0.191
1997-12-02,1307.54,0.144,0.184
1997-12-03,1307.01,-0.041,0.183
1997-12-04,1299.43,-0.58,0.235
1997-12-05,1298.64,-0.061,0.225
1997-12-06,1300.55,0.147,0.209
1997-12-10,1298.78,-0.136,0.2
1997-12-11,1301.15,0.182,0.191
1997-12-12,1304.85,0.284,0.198
1997-12-13,1307.42,0.197,0.199
1997-12-16,1304.02,-0.26,0.21
1997-12-17,1296.30,-0.592,0.251
1997-12-18,1286.74,-0.737,0.3
1997-12-19,1286.12,-0.048,0.299
1997-12-20,1287.51,0.108,0.299
1997-12-23,1288.32,0.063,0.299
1997-12-24,1281.60,-0.522,0.318
1997-12-27,1286.92,0.415,0.33
1997-12-30,1291.92,0.389,0.335
1997-12-31,1293.58,0.128,0.337
1998-01-03,1304.33,0.831,0.386
1998-01-06,1317.15,0.983,0.445
1998-01-07,1318.57,0.108,0.444
1998-01-08,1315.95,-0.199,0.424
1998-01-09,1313.56,-0.182,0.427
1998-01-10,1315.70,0.163,0.427
1998-01-14,1318.25,0.194,0.425
1998-01-15,1318.53,0.021,0.425
1998-01-16,1319.21,0.052,0.422
1998-01-17,1322.16,0.224,0.422
1998-01-20,1325.07,0.22,0.417
1998-01-21,1327.00,0.146,0.386
1998-01-22,1331.48,0.338,0.331
1998-01-23,1334.71,0.243,0.327
1998-01-24,1332.78,-0.145,0.335
1998-01-27,1336.38,0.27,0.335
1998-01-28,1337.30,0.069,0.293
1998-01-29,1339.57,0.17,0.289
1998-01-30,1341.85,0.17,0.286
1998-01-31,1342.00,0.011,0.288
1998-02-03,1343.90,0.142,0.245
1998-02-04,1345.01,0.083,0.146
1998-02-05,1345.46,0.033,0.147
1998-02-06,1346.09,0.047,0.13
1998-02-07,1346.42,0.025,0.113
1998-02-10,1347.72,0.097,0.112
1998-02-11,1348.23,0.038,0.112
1998-02-12,1348.86,0.047,0.111
1998-02-13,1349.34,0.036,0.112
1998-02-14,1349.54,0.015,0.111
1998-02-17,1350.97,0.106,0.107
1998-02-18,1350.23,-0.055,0.112
1998-02-19,1349.95,-0.021,0.097
1998-02-20,1350.10,0.011,0.089
1998-02-21,1347.94,-0.16,0.091
1998-02-24,1340.92,-0.521,0.148
1998-02-25,1334.72,-0.462,0.182
1998-02-26,1340.75,0.452,0.206
1998-02-27,1344.25,0.261,0.21
1998-02-28,1343.85,-0.03,0.211
1998-03-03,1349.04,0.386,0.225
1998-03-04,1352.21,0.235,0.23
1998-03-05,1349.80,-0.178,0.235
1998-03-06,1353.19,0.251,0.24
1998-03-07,1353.71,0.038,0.24
1998-03-10,1354.90,0.088,0.24
1998-03-11,1355.88,0.072,0.241
1998-03-12,1356.63,0.055,0.241
1998-03-13,1356.70,0.005,0.241
1998-03-14,1355.90,-0.059,0.241
1998-03-17,1358.66,0.204,0.244
1998-03-18,1359.96,0.096,0.244
1998-03-19,1360.56,0.044,0.243
1998-03-20,1361.87,0.096,0.244
1998-03-21,1361.86,-0.001,0.239
1998-03-25,1364.40,0.187,0.199
1998-03-26,1364.76,0.026,0.153
1998-03-27,1365.66,0.066,0.13
1998-03-28,1361.49,-0.305,0.151
1998-03-31,1358.03,-0.254,0.166
1998-04-01,1360.26,0.164,0.149
1998-04-02,1362.54,0.168,0.145
1998-04-03,1357.75,-0.352,0.163
1998-04-04,1357.71,-0.003,0.154
1998-04-07,1355.50,-0.163,0.159
1998-04-08,1354.15,-0.1,0.16
1998-04-09,1357.14,0.221,0.167
1998-04-14,1363.38,0.46,0.195
1998-04-15,1365.21,0.134,0.197
1998-04-16,1364.06,-0.084,0.198
1998-04-17,1360.74,-0.243,0.202
1998-04-18,1360.49,-0.018,0.201
1998-04-21,1360.42,-0.005,0.201
1998-04-22,1357.51,-0.214,0.205
1998-04-23,1355.94,-0.116,0.206
1998-04-24,1354.91,-0.076,0.2
1998-04-25,1359.99,0.375,0.22
1998-04-28,1368.17,0.601,0.26
1998-04-29,1371.35,0.232,0.253
1998-04-30,1365.72,-0.411,0.265
1998-05-01,1364.07,-0.121,0.265
1998-05-05,1369.31,0.384,0.276
1998-05-06,1375.39,0.444,0.276
1998-05-07,1382.27,0.5,0.292
1998-05-08,1383.04,0.056,0.286
1998-05-09,1385.38,0.169,0.282
1998-05-12,1387.78,0.173,0.282
1998-05-13,1388.04,0.019,0.27
1998-05-14,1387.15,-0.064,0.272
1998-05-15,1384.97,-0.157,0.275
1998-05-16,1383.31,-0.12,0.268
1998-05-19,1387.26,0.286,0.271
1998-05-20,1390.89,0.262,0.272
1998-05-21,1392.18,0.093,0.261
1998-05-22,1393.62,0.103,0.255
1998-05-23,1394.33,0.051,0.251
1998-05-27,1396.51,0.156,0.245
1998-05-28,1397.12,0.044,0.219
1998-05-29,1396.69,-0.031,0.219
1998-05-30,1397.07,0.027,0.186
1998-06-02,1398.53,0.105,0.178
1998-06-03,1399.56,0.074,0.167
1998-06-04,1399.02,-0.039,0.15
1998-06-05,1397.63,-0.099,0.12
1998-06-06,1387.12,-0.752,0.217
1998-06-09,1386.53,-0.043,0.214
1998-06-10,1376.25,-0.741,0.267
1998-06-11,1383.23,0.507,0.294
1998-06-12,1388.76,0.4,0.308
1998-06-13,1380.51,-0.594,0.334
1998-06-17,1388.50,0.579,0.359
1998-06-18,1394.39,0.424,0.365
1998-06-19,1390.85,-0.254,0.366
1998-06-20,1394.80,0.284,0.371
1998-06-24,1381.11,-0.982,0.431
1998-06-25,1375.02,-0.441,0.439
1998-06-26,1363.67,-0.825,0.467
1998-06-27,1363.04,-0.046,0.466
1998-07-01,1369.88,0.502,0.486
1998-07-02,1358.05,-0.864,0.514
1998-07-03,1345.65,-0.913,0.538
1998-07-04,1348.06,0.179,0.542
1998-07-07,1357.78,0.721,0.578
1998-07-08,1368.16,0.764,0.613
1998-07-09,1369.12,0.07,0.594
1998-07-10,1370.45,0.097,0.596
1998-07-11,1374.23,0.276,0.577
1998-07-14,1380.27,0.44,0.574
1998-07-15,1381.22,0.069,0.566
1998-07-16,1378.01,-0.232,0.553
1998-07-17,1376.74,-0.092,0.536
1998-07-18,1381.54,0.349,0.532
1998-07-22,1380.87,-0.048,0.53
1998-07-23,1376.87,-0.29,0.528
1998-07-24,1378.88,0.146,0.483
1998-07-25,1379.61,0.053,0.472
1998-07-28,1378.33,-0.093,0.429
1998-07-29,1376.12,-0.16,0.431
1998-07-30,1373.49,-0.191,0.421
1998-07-31,1370.65,-0.207,0.372
1998-08-01,1372.14,0.109,0.295
1998-08-04,1371.16,-0.071,0.297
1998-08-05,1368.24,-0.213,0.263
1998-08-06,1366.44,-0.132,0.202
1998-08-07,1364.90,-0.113,0.202
1998-08-11,1359.22,-0.416,0.219
1998-08-12,1365.58,0.468,0.237
1998-08-13,1371.23,0.414,0.235
1998-08-14,1377.08,0.427,0.256
1998-08-15,1386.02,0.649,0.29
1998-08-19,1385.77,-0.018,0.289
1998-08-20,1384.24,-0.11,0.28
1998-08-21,1391.55,0.528,0.303
1998-08-22,1407.27,1.13,0.379
1998-08-25,1418.22,0.778,0.407
1998-08-26,1420.27,0.145,0.406
1998-08-27,1430.33,0.708,0.421
1998-08-28,1438.16,0.547,0.42
1998-08-29,1440.87,0.188,0.409
1998-09-01,1441.86,0.069,0.397
1998-09-02,1442.95,0.076,0.398
1998-09-03,1518.56,5.24,1.178
1998-09-04,1532.19,0.898,1.168
1998-09-05,1538.84,0.434,1.157
1998-09-08,1511.55,-1.773,1.265
1998-09-09,1505.66,-0.39,1.264
1998-09-10,1493.40,-0.814,1.299
1998-09-11,1506.27,0.862,1.302
1998-09-12,1505.85,-0.028,1.307
1998-09-15,1510.41,0.303,1.307
1998-09-16,1516.92,0.431,1.302
1998-09-17,1520.63,0.245,1.296
1998-09-18,1531.49,0.714,1.298
1998-09-19,1533.95,0.161,1.29
1998-09-22,1529.26,-0.306,1.298
1998-09-23,1541.16,0.778,1.3
1998-09-24,1561.28,1.306,1.314
1998-09-25,1548.95,-0.79,1.342
1998-09-26,1547.81,-0.074,1.345
1998-09-29,1556.25,0.545,1.344
1998-09-30,1556.15,-0.006,1.345
1998-10-01,1556.52,0.024,0.71
1998-10-02,1573.22,1.073,0.721
1998-10-03,1578.96,0.365,0.72
1998-10-06,1585.64,0.423,0.565
1998-10-07,1588.64,0.189,0.545
1998-10-08,1586.53,-0.133,0.493
1998-10-09,1587.46,0.059,0.477
1998-10-10,1590.64,0.2,0.473
1998-10-14,1592.11,0.092,0.475
1998-10-15,1591.01,-0.069,0.478
1998-10-16,1594.19,0.2,0.479
1998-10-17,1596.21,0.127,0.466
1998-10-20,1598.18,0.123,0.466
1998-10-21,1598.61,0.027,0.452
1998-10-22,1597.79,-0.051,0.437
1998-10-23,1599.15,0.085,0.347
1998-10-24,1597.97,-0.074,0.279
1998-10-27,1590.64,-0.459,0.307
1998-10-28,1576.38,-0.896,0.369
1998-10-29,1577.90,0.096,0.369
1998-10-30,1577.19,-0.045,0.37
1998-10-31,1575.08,-0.134,0.286
1998-11-04,1569.93,-0.327,0.282
1998-11-05,1568.54,-0.089,0.261
1998-11-06,1563.32,-0.333,0.262
1998-11-07,1553.71,-0.615,0.288
1998-11-10,1559.35,0.363,0.304
1998-11-11,1571.76,0.796,0.359
1998-11-12,1577.61,0.372,0.37
1998-11-13,1578.79,0.075,0.371
1998-11-14,1580.99,0.139,0.369
1998-11-18,1583.29,0.145,0.37
1998-11-19,1569.60,-0.865,0.41
1998-11-20,1558.49,-0.708,0.432
1998-11-21,1539.38,-1.226,0.496
1998-11-24,1547.92,0.555,0.52
1998-11-25,1557.57,0.623,0.549
1998-11-26,1545.53,-0.773,0.563
1998-11-27,1543.45,-0.135,0.535
1998-11-28,1547.11,0.237,0.538
1998-12-01,1545.88,-0.08,0.538
1998-12-02,1545.82,-0.004,0.538
1998-12-03,1539.32,-0.42,0.541
1998-12-04,1545.89,0.427,0.554
1998-12-05,1552.48,0.426,0.561
1998-12-08,1548.63,-0.248,0.546
1998-12-10,1541.14,-0.484,0.548
1998-12-11,1530.63,-0.682,0.527
1998-12-12,1531.13,0.033,0.515
1998-12-15,1532.76,0.106,0.516
1998-12-16,1529.07,-0.241,0.512
1998-12-17,1523.80,-0.345,0.508
1998-12-18,1515.98,-0.513,0.489
1998-12-19,1494.11,-1.443,0.554
1998-12-22,1477.51,-1.111,0.544
1998-12-23,1467.04,-0.709,0.524
1998-12-24,1484.88,1.216,0.59
1998-12-25,1484.88,0.0,0.578
1998-12-29,1507.52,1.525,0.695
1998-12-30,1535.55,1.859,0.821
1998-12-31,1542.11,0.427,0.828
1999-01-01,1542.11,0.0,0.828
1999-01-05,1545.11,0.195,0.823
1999-01-06,1528.28,-1.089,0.853
1999-01-07,1530.48,0.144,0.847
1999-01-08,1543.22,0.832,0.869
1999-01-09,1535.96,-0.47,0.869
1999-01-13,1549.35,0.872,0.875
1999-01-14,1588.80,2.546,1.036
1999-01-15,1584.42,-0.276,1.041
1999-01-16,1596.59,0.768,1.045
1999-01-19,1580.40,-1.014,1.074
1999-01-20,1587.18,0.429,1.062
1999-01-21,1582.57,-0.29,0.996
1999-01-22,1589.65,0.447,0.939
1999-01-23,1591.81,0.136,0.907
1999-01-26,1591.58,-0.014,0.891
1999-01-27,1591.69,0.007,0.891
1999-01-28,1590.33,-0.085,0.851
1999-01-29,1580.72,-0.604,0.785
1999-01-30,1582.90,0.138,0.782
1999-02-02,1581.27,-0.103,0.783
1999-02-03,1576.22,-0.319,0.789
1999-02-04,1574.07,-0.136,0.741
1999-02-05,1575.69,0.103,0.741
1999-02-06,1570.94,-0.301,0.729
1999-02-09,1562.14,-0.56,0.733
1999-02-10,1563.39,0.08,0.709
1999-02-11,1570.81,0.475,0.416
1999-02-12,1564.04,-0.431,0.422
1999-02-13,1565.57,0.098,0.376
1999-02-16,1557.79,-0.497,0.324
1999-02-17,1561.53,0.24,0.311
1999-02-18,1569.40,0.504,0.333
1999-02-19,1567.17,-0.142,0.313
1999-02-20,1560.46,-0.428,0.319
1999-02-23,1556.65,-0.244,0.32
1999-02-24,1550.88,-0.371,0.324
1999-02-25,1557.97,0.457,0.349
1999-02-26,1572.46,0.93,0.398
1999-02-27,1568.30,-0.265,0.4
1999-03-02,1560.40,-0.504,0.413
1999-03-03,1557.94,-0.158,0.409
1999-03-04,1558.66,0.046,0.409
1999-03-05,1555.84,-0.181,0.408
1999-03-06,1552.37,-0.223,0.406
1999-03-09,1552.44,0.005,0.389
1999-03-10,1550.33,-0.136,0.389
1999-03-11,1545.09,-0.338,0.374
1999-03-12,1552.28,0.465,0.384
1999-03-13,1562.91,0.685,0.416
1999-03-16,1563.97,0.068,0.4
1999-03-17,1561.74,-0.143,0.398
1999-03-18,1554.85,-0.441,0.391
1999-03-19,1550.03,-0.31,0.395
1999-03-20,1546.77,-0.21,0.387
1999-03-24,1544.60,-0.14,0.385
1999-03-25,1541.74,-0.185,0.379
1999-03-26,1534.28,-0.484,0.373
1999-03-27,1525.59,-0.566,0.305
1999-03-30,1529.59,0.262,0.317
1999-03-31,1533.51,0.256,0.315
1999-04-01,1533.32,-0.012,0.315
1999-04-06,1532.48,-0.055,0.313
1999-04-07,1534.13,0.108,0.315
1999-04-08,1548.14,0.913,0.382
1999-04-09,1574.77,1.72,0.544
1999-04-10,1588.17,0.851,0.568
1999-04-13,1588.19,0.001,0.559
1999-04-14,1603.95,0.992,0.587
1999-04-15,1593.17,-0.672,0.602
1999-04-16,1586.04,-0.448,0.614
1999-04-17,1578.93,-0.448,0.623
1999-04-20,1570.53,-0.532,0.628
1999-04-21,1563.94,-0.42,0.631
1999-04-22,1570.34,0.409,0.633
1999-04-23,1573.86,0.224,0.632
1999-04-24,1578.98,0.325,0.63
1999-04-27,1580.78,0.114,0.614
1999-04-28,1590.53,0.617,0.598
1999-04-29,1598.69,0.513,0.602
1999-04-30,1604.44,0.36,0.603
1999-05-01,1611.48,0.439,0.601
1999-05-04,1613.61,0.132,0.598
1999-05-05,1603.97,-0.597,0.627
1999-05-06,1610.66,0.417,0.608
1999-05-07,1618.00,0.456,0.498
1999-05-08,1631.71,0.847,0.497
1999-05-11,1627.30,-0.27,0.505
1999-05-12,1631.02,0.229,0.463
1999-05-13,1631.95,0.057,0.427
1999-05-14,1630.08,-0.115,0.41
1999-05-15,1640.15,0.618,0.399
1999-05-19,1644.11,0.241,0.361
1999-05-20,1643.05,-0.064,0.335
1999-05-21,1644.60,0.094,0.335
1999-05-22,1665.36,1.262,0.406
1999-05-25,1671.20,0.351,0.406
1999-05-26,1669.27,-0.115,0.415
1999-05-27,1682.12,0.77,0.423
1999-05-28,1685.33,0.191,0.42
1999-05-29,1671.67,-0.811,0.483
1999-06-01,1663.55,-0.486,0.503
1999-06-02,1657.70,-0.352,0.516
1999-06-03,1667.88,0.614,0.496
1999-06-04,1654.75,-0.787,0.539
1999-06-05,1653.96,-0.048,0.535
1999-06-09,1672.01,1.091,0.555
1999-06-10,1679.12,0.425,0.551
1999-06-11,1686.08,0.415,0.554
1999-06-12,1682.09,-0.237,0.561
1999-06-16,1694.56,0.741,0.572
1999-06-17,1698.55,0.235,0.563
1999-06-18,1693.75,-0.283,0.572
1999-06-19,1692.36,-0.082,0.573
1999-06-22,1694.26,0.112,0.572
1999-06-23,1710.03,0.931,0.543
1999-06-24,1723.26,0.774,0.559
1999-06-25,1734.83,0.671,0.567
1999-06-26,1737.91,0.178,0.551
1999-06-29,1751.00,0.753,0.566
1999-06-30,1732.10,-1.079,0.594
1999-07-01,1736.03,0.227,0.573
1999-07-02,1751.26,0.877,0.575
1999-07-03,1755.31,0.231,0.569
1999-07-07,1772.69,0.99,0.535
1999-07-08,1795.36,1.279,0.565
1999-07-09,1831.10,1.991,0.651
1999-07-10,1840.38,0.507,0.651
1999-07-13,1887.17,2.542,0.8
1999-07-14,1926.55,2.087,0.845
1999-07-15,1881.42,-2.343,1.082
1999-07-16,1823.29,-3.09,1.351
1999-07-17,1821.95,-0.073,1.347
1999-07-20,1819.04,-0.16,1.348
1999-07-22,1809.56,-0.521,1.362
1999-07-23,1807.90,-0.092,1.358
1999-07-24,1831.19,1.288,1.372
1999-07-27,1829.63,-0.085,1.372
1999-07-28,1829.06,-0.031,1.374
1999-07-29,1817.09,-0.654,1.384
1999-07-30,1806.52,-0.582,1.364
1999-07-31,1809.50,0.165,1.364
1999-08-03,1813.60,0.227,1.355
1999-08-04,1800.79,-0.706,1.37
1999-08-05,1822.84,1.224,1.378
1999-08-06,1834.97,0.665,1.358
1999-08-07,1849.12,0.771,1.296
1999-08-10,1852.80,0.199,1.292
1999-08-11,1855.03,0.12,1.151
1999-08-12,1865.30,0.554,1.045
1999-08-13,1893.25,1.498,0.973
1999-08-14,1879.15,-0.745,0.671
1999-08-18,1880.39,0.066,0.669
1999-08-19,1898.03,0.938,0.686
1999-08-20,1892.50,-0.291,0.675
1999-08-21,1907.94,0.816,0.683
1999-08-24,1912.27,0.227,0.64
1999-08-25,1921.87,0.502,0.639
1999-08-26,1921.16,-0.037,0.639
1999-08-27,1914.22,-0.361,0.62
1999-08-28,1936.12,1.144,0.616
1999-08-31,1954.72,0.961,0.63
1999-09-01,1941.25,-0.689,0.674
1999-09-02,1934.46,-0.35,0.649
1999-09-03,1943.23,0.453,0.617
1999-09-04,1943.24,0.001,0.615
1999-09-07,1947.31,0.209,0.605
1999-09-08,1969.82,1.156,0.637
1999-09-09,1972.35,0.128,0.637
1999-09-10,1976.07,0.189,0.634
1999-09-11,1981.41,0.27,0.567
1999-09-14,1977.85,-0.18,0.529
1999-09-15,1970.54,-0.37,0.546
1999-09-16,1967.58,-0.15,0.526
1999-09-17,1977.52,0.505,0.519
1999-09-18,1987.08,0.483,0.504
1999-09-21,1981.64,-0.274,0.515
1999-09-22,1975.46,-0.312,0.52
1999-09-23,1992.36,0.855,0.542
1999-09-24,1994.86,0.125,0.527
1999-09-25,1995.64,0.039,0.479
1999-09-28,2013.24,0.882,0.473
1999-09-29,2003.82,-0.468,0.454
1999-09-30,2017.27,0.671,0.451
1999-10-01,2015.15,-0.105,0.453
1999-10-02,2004.22,-0.542,0.48
1999-10-05,1992.65,-0.577,0.507
1999-10-06,2000.48,0.393,0.45
1999-10-07,1995.71,-0.238,0.455
1999-10-08,1993.18,-0.127,0.456
1999-10-09,1992.74,-0.022,0.453
1999-10-12,1992.03,-0.036,0.451
1999-10-13,1988.70,-0.167,0.443
1999-10-14,1981.14,-0.38,0.451
1999-10-15,1975.80,-0.27,0.442
1999-10-16,1977.04,0.063,0.428
1999-10-20,1965.92,-0.562,0.441
1999-10-21,1957.53,-0.427,0.446
1999-10-22,1946.00,-0.589,0.407
1999-10-23,1946.24,0.012,0.405
1999-10-26,1949.33,0.159,0.408
1999-10-27,1966.07,0.859,0.405
1999-10-28,1968.90,0.144,0.4
1999-10-29,1965.44,-0.176,0.358
1999-10-30,1971.59,0.313,0.372
1999-11-03,1966.50,-0.258,0.36
1999-11-04,1960.70,-0.295,0.345
1999-11-05,1962.16,0.074,0.329
1999-11-06,1959.46,-0.138,0.327
1999-11-09,1954.56,-0.25,0.329
1999-11-10,1948.05,-0.333,0.333
1999-11-11,1951.11,0.157,0.338
1999-11-12,1958.41,0.374,0.354
1999-11-13,1961.80,0.173,0.35
1999-11-17,1961.70,-0.005,0.347
1999-11-18,1946.27,-0.787,0.384
1999-11-19,1927.47,-0.966,0.42
1999-11-20,1925.11,-0.122,0.413
1999-11-23,1935.48,0.539,0.417
1999-11-24,1925.00,-0.541,0.432
1999-11-25,1912.86,-0.631,0.448
1999-11-26,1918.85,0.313,0.401
1999-11-27,1921.93,0.161,0.401
1999-11-30,1923.77,0.096,0.404
1999-12-01,1922.47,-0.068,0.392
1999-12-02,1918.63,-0.2,0.391
1999-12-03,1911.35,-0.379,0.393
1999-12-04,1903.80,-0.395,0.395
1999-12-07,1886.46,-0.911,0.43
1999-12-08,1888.99,0.134,0.435
1999-12-10,1906.91,0.949,0.5
1999-12-11,1900.22,-0.351,0.499
1999-12-14,1905.50,0.278,0.494
1999-12-15,1891.67,-0.726,0.505
1999-12-16,1874.14,-0.927,0.53
1999-12-17,1879.55,0.289,0.524
1999-12-18,1867.02,-0.667,0.504
1999-12-21,1868.47,0.078,0.507
1999-12-22,1884.64,0.865,0.535
1999-12-23,1886.27,0.086,0.528
1999-12-24,1874.77,-0.61,0.527
1999-12-25,1874.58,-0.01,0.519
1999-12-28,1870.65,-0.21,0.515
1999-12-29,1867.82,-0.151,0.512
1999-12-30,1873.77,0.319,0.522
2000-01-04,1874.35,0.031,0.523
2000-01-05,1895.97,1.153,0.59
2000-01-06,1912.69,0.882,0.618
2000-01-07,1911.33,-0.071,0.578
2000-01-08,1900.14,-0.585,0.596
2000-01-12,1902.25,0.111,0.556
2000-01-13,1904.54,0.12,0.551
2000-01-14,1917.38,0.674,0.568
2000-01-15,1920.83,0.18,0.54
2000-01-18,1919.21,-0.084,0.488
2000-01-19,1928.51,0.485,0.493
2000-01-20,1945.17,0.864,0.482
2000-01-21,1938.84,-0.325,0.496
2000-01-22,1931.97,-0.354,0.483
2000-01-25,1943.88,0.616,0.495
2000-01-26,1939.63,-0.219,0.47
2000-01-27,1958.17,0.956,0.499
2000-01-28,1976.14,0.918,0.512
2000-01-29,1976.72,0.029,0.505
2000-02-01,1973.36,-0.17,0.515
2000-02-02,1970.61,-0.139,0.521
2000-02-03,1965.61,-0.254,0.486
2000-02-04,1947.55,-0.919,0.516
2000-02-05,1948.60,0.054,0.514
2000-02-08,1950.59,0.102,0.489
2000-02-09,1949.54,-0.054,0.49
2000-02-10,1946.51,-0.155,0.494
2000-02-11,1952.29,0.297,0.479
2000-02-12,1948.16,-0.212,0.483
2000-02-15,1950.77,0.134,0.482
2000-02-16,1949.61,-0.059,0.473
2000-02-17,1946.79,-0.145,0.435
2000-02-18,1945.31,-0.076,0.428
2000-02-19,1947.41,0.108,0.419
2000-02-22,1943.83,-0.184,0.399
2000-02-23,1941.54,-0.118,0.397
2000-02-24,1944.18,0.136,0.33
2000-02-25,1947.72,0.182,0.25
2000-02-26,1947.28,-0.023,0.249
2000-02-29,1946.17,-0.057,0.248
2000-03-01,1948.05,0.097,0.25
2000-03-02,1950.88,0.145,0.25
2000-03-03,1956.80,0.303,0.153
2000-03-04,1961.16,0.223,0.16
2000-03-07,1965.63,0.228,0.165
2000-03-08,1964.26,-0.07,0.166
2000-03-09,1960.47,-0.193,0.168
2000-03-10,1959.77,-0.036,0.157
2000-03-11,1958.48,-0.066,0.149
2000-03-14,1957.50,-0.05,0.147
2000-03-15,1955.75,-0.089,0.148
2000-03-16,1954.26,-0.076,0.145
2000-03-17,1950.01,-0.217,0.153
2000-03-18,1952.98,0.152,0.155
2000-03-22,1956.98,0.205,0.153
2000-03-23,1959.84,0.146,0.151
2000-03-24,1954.57,-0.269,0.165
2000-03-25,1954.83,0.013,0.161
2000-03-28,1958.93,0.21,0.166
2000-03-29,1955.14,-0.193,0.172
2000-03-30,1949.75,-0.276,0.184
2000-03-31,1951.56,0.093,0.182
2000-04-01,1958.12,0.336,0.185
2000-04-04,1963.22,0.26,0.188
2000-04-05,1964.10,0.045,0.18
2000-04-06,1968.92,0.245,0.188
2000-04-07,1986.96,0.916,0.27
2000-04-08,1996.24,0.467,0.283
2000-04-11,1998.25,0.101,0.281
2000-04-12,1986.75,-0.576,0.318
2000-04-13,1987.38,0.032,0.315
2000-04-14,1987.36,-0.001,0.314
2000-04-15,1987.39,0.002,0.307
2000-04-18,1996.29,0.448,0.316
2000-04-19,2003.02,0.337,0.32
2000-04-20,1996.07,-0.347,0.336
2000-04-25,1991.17,-0.245,0.335
2000-04-26,1988.65,-0.127,0.338
2000-04-27,1998.95,0.518,0.351
2000-04-28,2002.95,0.2,0.344
2000-04-29,2004.47,0.076,0.332
2000-05-03,2001.62,-0.142,0.338
2000-05-04,2015.92,0.714,0.36
2000-05-05,2027.26,0.563,0.371
2000-05-06,2033.17,0.292,0.371
2000-05-09,2044.59,0.562,0.381
2000-05-10,2031.86,-0.623,0.382
2000-05-11,2021.68,-0.501,0.395
2000-05-12,2031.96,0.508,0.408
2000-05-13,2039.29,0.361,0.381
2000-05-16,2035.54,-0.184,0.387
2000-05-17,2037.10,0.077,0.386
2000-05-18,2047.79,0.525,0.395
2000-05-19,2055.35,0.369,0.392
2000-05-20,2076.85,1.046,0.439
2000-05-23,2094.73,0.861,0.446
2000-05-24,2111.94,0.822,0.448
2000-05-25,2142.14,1.43,0.503
2000-05-26,2113.28,-1.347,0.631
2000-05-27,2096.52,-0.793,0.675
2000-05-30,2077.28,-0.918,0.722
2000-05-31,2084.92,0.368,0.719
2000-06-01,2096.96,0.577,0.715
2000-06-02,2095.10,-0.089,0.712
2000-06-03,2118.57,1.12,0.743
2000-06-07,2121.73,0.149,0.739
2000-06-08,2127.03,0.25,0.714
2000-06-09,2125.30,-0.081,0.697
2000-06-10,2115.86,-0.444,0.711
2000-06-13,2106.97,-0.42,0.723
2000-06-14,2122.24,0.725,0.729
2000-06-15,2111.09,-0.525,0.747
2000-06-16,2110.57,-0.025,0.744
2000-06-17,2114.80,0.2,0.742
2000-06-20,2115.15,0.017,0.711
2000-06-21,2123.58,0.399,0.692
2000-06-22,2134.34,0.507,0.678
2000-06-23,2129.13,-0.244,0.598
2000-06-24,2123.99,-0.241,0.514
2000-06-28,2135.65,0.549,0.489
2000-06-29,2136.22,0.027,0.428
2000-06-30,2139.11,0.135,0.424
2000-07-01,2150.76,0.545,0.423
2000-07-05,2151.05,0.013,0.421
2000-07-06,2163.44,0.576,0.368
2000-07-07,2168.65,0.241,0.369
2000-07-08,2165.51,-0.145,0.371
2000-07-11,2171.63,0.283,0.371
2000-07-12,2182.56,0.503,0.357
2000-07-13,2172.16,-0.477,0.362
2000-07-14,2166.22,-0.273,0.348
2000-07-15,2156.32,-0.457,0.342
2000-07-18,2144.01,-0.571,0.373
2000-07-19,2151.56,0.352,0.377
2000-07-20,2155.81,0.198,0.378
2000-07-22,2152.30,-0.163,0.375
2000-07-25,2147.65,-0.216,0.365
2000-07-26,2153.91,0.291,0.363
2000-07-27,2165.37,0.532,0.371
2000-07-28,2173.78,0.388,0.362
2000-07-29,2172.79,-0.046,0.363
2000-08-01,2174.55,0.081,0.363
2000-08-02,2175.02,0.022,0.346
2000-08-03,2173.62,-0.064,0.347
2000-08-04,2177.67,0.186,0.327
2000-08-05,2180.64,0.136,0.324
2000-08-09,2176.52,-0.189,0.326
2000-08-10,2176.17,-0.016,0.32
2000-08-11,2179.60,0.158,0.301
2000-08-12,2180.89,0.059,0.28
2000-08-15,2180.99,0.005,0.271
2000-08-16,2185.45,0.204,0.247
2000-08-17,2185.46,0.0,0.198
2000-08-18,2185.75,0.013,0.189
2000-08-19,2183.01,-0.125,0.192
2000-08-23,2187.83,0.221,0.188
2000-08-24,2196.72,0.406,0.187
2000-08-25,2205.60,0.404,0.194
2000-08-26,2208.82,0.146,0.169
2000-08-29,2208.17,-0.029,0.156
2000-08-30,2204.22,-0.179,0.165
2000-08-31,2208.21,0.181,0.166
2000-09-01,2212.97,0.216,0.169
2000-09-02,2214.00,0.047,0.165
2000-09-05,2210.32,-0.166,0.173
2000-09-06,2211.13,0.037,0.173
2000-09-07,2211.11,-0.001,0.163
2000-09-08,2209.18,-0.087,0.166
2000-09-09,2204.85,-0.196,0.175
2000-09-12,2206.39,0.07,0.175
2000-09-13,2206.93,0.024,0.175
2000-09-14,2208.64,0.077,0.172
2000-09-15,2212.73,0.185,0.174
2000-09-16,2210.34,-0.108,0.177
2000-09-19,2211.36,0.046,0.172
2000-09-20,2210.81,-0.025,0.169
2000-09-21,2212.93,0.096,0.148
2000-09-22,2223.46,0.476,0.158
2000-09-23,2232.24,0.395,0.175
2000-09-26,2228.05,-0.188,0.183
2000-09-27,2222.67,-0.241,0.187
2000-09-28,2216.93,-0.258,0.196
2000-09-29,2211.94,-0.225,0.197
2000-09-30,2212.26,0.014,0.197
2000-10-03,2210.40,-0.084,0.194
2000-10-04,2201.51,-0.402,0.214
2000-10-05,2194.98,-0.297,0.222
2000-10-06,2185.06,-0.452,0.241
2000-10-07,2187.38,0.106,0.241
2000-10-10,2184.26,-0.143,0.241
2000-10-11,2182.17,-0.096,0.24
2000-10-12,2175.97,-0.284,0.243
2000-10-13,2175.96,-0.0,0.236
2000-10-14,2180.69,0.217,0.245
2000-10-18,2178.13,-0.117,0.244
2000-10-19,2162.86,-0.701,0.281
2000-10-20,2152.31,-0.488,0.289
2000-10-21,2159.79,0.348,0.275
2000-10-24,2157.84,-0.09,0.245
2000-10-25,2153.18,-0.216,0.245
2000-10-26,2170.32,0.796,0.326
2000-10-27,2167.26,-0.141,0.324
2000-10-28,2158.14,-0.421,0.331
2000-10-31,2158.36,0.01,0.331
2000-11-01,2147.89,-0.485,0.34
2000-11-02,2138.95,-0.416,0.341
2000-11-03,2136.73,-0.104,0.339
2000-11-04,2139.21,0.116,0.335
2000-11-08,2134.08,-0.24,0.332
2000-11-09,2124.84,-0.433,0.339
2000-11-10,2127.51,0.126,0.344
2000-11-11,2126.41,-0.052,0.343
2000-11-15,2125.17,-0.058,0.342
2000-11-16,2125.31,0.007,0.334
2000-11-17,2121.64,-0.173,0.334
2000-11-18,2122.63,0.047,0.308
2000-11-21,2122.61,-0.001,0.294
2000-11-22,2124.16,0.073,0.28
2000-11-23,2131.76,0.358,0.296
2000-11-24,2141.14,0.44,0.314
2000-11-25,2141.91,0.036,0.248
2000-11-28,2158.05,0.754,0.307
2000-11-29,2169.82,0.545,0.317
2000-11-30,2172.84,0.139,0.318
2000-12-01,2168.60,-0.195,0.299
2000-12-02,2174.85,0.288,0.283
2000-12-05,2180.30,0.251,0.281
2000-12-06,2184.18,0.178,0.282
2000-12-07,2174.29,-0.453,0.299
2000-12-08,2176.33,0.094,0.272
2000-12-12,2175.57,-0.035,0.274
2000-12-13,2183.08,0.345,0.276
2000-12-14,2186.87,0.174,0.273
2000-12-15,2184.76,-0.096,0.276
2000-12-16,2175.91,-0.405,0.294
2000-12-19,2179.13,0.148,0.294
2000-12-20,2187.17,0.369,0.297
2000-12-21,2185.05,-0.097,0.301
2000-12-22,2187.02,0.09,0.297
2000-12-23,2193.57,0.299,0.291
2000-12-27,2196.76,0.145,0.29
2000-12-28,2215.35,0.846,0.301
2000-12-29,2229.18,0.624,0.308
2001-01-03,2219.60,-0.43,0.333
2001-01-04,2224.38,0.215,0.326
2001-01-05,2239.89,0.697,0.348
2001-01-06,2243.16,0.146,0.347
2001-01-10,2235.43,-0.345,0.364
2001-01-11,2230.14,-0.237,0.349
2001-01-12,2246.58,0.737,0.374
2001-01-13,2251.75,0.23,0.372
2001-01-16,2248.61,-0.139,0.376
2001-01-17,2245.89,-0.121,0.38
2001-01-18,2236.46,-0.42,0.397
2001-01-19,2246.74,0.46,0.384
2001-01-20,2244.59,-0.096,0.389
2001-01-23,2240.02,-0.204,0.393
2001-01-24,2255.82,0.705,0.41
2001-01-25,2254.35,-0.065,0.413
2001-01-26,2250.03,-0.192,0.418
2001-01-27,2245.46,-0.203,0.424
2001-01-30,2240.56,-0.218,0.393
2001-01-31,2240.80,0.011,0.37
2001-02-01,2242.08,0.057,0.354
2001-02-02,2240.04,-0.091,0.353
2001-02-03,2242.20,0.096,0.317
2001-02-06,2238.35,-0.172,0.318
2001-02-07,2235.03,-0.148,0.31
2001-02-08,2238.09,0.137,0.306
2001-02-09,2242.68,0.205,0.26
2001-02-10,2237.58,-0.227,0.258
2001-02-13,2229.59,-0.357,0.267
2001-02-14,2237.37,0.349,0.28
2001-02-15,2239.03,0.074,0.264
2001-02-16,2238.61,-0.019,0.242
2001-02-17,2238.51,-0.004,0.241
2001-02-20,2245.16,0.297,0.246
2001-02-21,2247.09,0.086,0.186
2001-02-22,2252.65,0.247,0.195
2001-02-23,2252.86,0.009,0.19
2001-02-24,2257.70,0.215,0.189
2001-02-27,2256.42,-0.057,0.181
2001-02-28,2257.45,0.046,0.181
2001-03-01,2259.64,0.097,0.181
2001-03-02,2265.44,0.257,0.185
2001-03-03,2264.09,-0.06,0.186
2001-03-06,2259.07,-0.222,0.19
2001-03-07,2260.33,0.056,0.184
2001-03-08,2262.06,0.077,0.183
2001-03-09,2262.55,0.022,0.18
2001-03-10,2264.01,0.065,0.168
2001-03-13,2275.98,0.529,0.169
2001-03-14,2275.92,-0.003,0.16
2001-03-15,2282.01,0.268,0.165
2001-03-16,2281.02,-0.043,0.166
2001-03-17,2282.96,0.085,0.165
2001-03-21,2282.17,-0.035,0.16
2001-03-22,2284.04,0.082,0.16
2001-03-23,2290.02,0.262,0.161
2001-03-24,2295.74,0.25,0.164
2001-03-27,2293.99,-0.076,0.166
2001-03-28,2299.68,0.248,0.167
2001-03-29,2303.86,0.182,0.168
2001-03-30,2309.83,0.259,0.171
2001-03-31,2310.57,0.032,0.168
2001-04-03,2304.19,-0.276,0.185
2001-04-04,2308.64,0.193,0.171
2001-04-05,2315.81,0.311,0.177
2001-04-06,2317.46,0.071,0.177
2001-04-07,2318.58,0.048,0.176
2001-04-10,2315.21,-0.145,0.186
2001-04-11,2309.84,-0.232,0.173
2001-04-12,2314.07,0.183,0.174
2001-04-17,2320.18,0.264,0.174
2001-04-18,2319.57,-0.026,0.173
2001-04-19,2316.91,-0.115,0.179
2001-04-20,2327.08,0.439,0.194
2001-04-21,2329.73,0.114,0.194
2001-04-24,2334.38,0.2,0.192
2001-04-25,2339.16,0.205,0.19
2001-04-26,2345.21,0.259,0.189
2001-04-27,2345.57,0.015,0.188
2001-04-28,2346.73,0.049,0.187
2001-05-01,2341.09,-0.24,0.197
2001-05-03,2345.96,0.208,0.199
2001-05-04,2349.95,0.17,0.182
2001-05-05,2354.47,0.192,0.181
2001-05-08,2359.54,0.215,0.177
2001-05-09,2359.22,-0.014,0.178
2001-05-10,2359.98,0.032,0.179
2001-05-11,2359.79,-0.008,0.172
2001-05-12,2367.30,0.318,0.16
2001-05-15,2371.58,0.181,0.16
2001-05-16,2376.93,0.226,0.159
2001-05-17,2378.21,0.054,0.156
2001-05-18,2378.41,0.008,0.148
2001-05-19,2348.88,-1.242,0.33
2001-05-22,2314.75,-1.453,0.469
2001-05-23,2316.72,0.085,0.467
2001-05-24,2295.23,-0.928,0.504
2001-05-25,2310.64,0.671,0.527
2001-05-26,2339.98,1.27,0.606
2001-05-30,2331.91,-0.345,0.611
2001-05-31,2324.98,-0.297,0.612
2001-06-01,2327.25,0.098,0.61
2001-06-02,2319.16,-0.348,0.612
2001-06-05,2296.88,-0.961,0.64
2001-06-06,2303.37,0.283,0.642
2001-06-07,2303.38,0.0,0.642
2001-06-08,2303.41,0.001,0.642
2001-06-09,2296.31,-0.308,0.643
2001-06-12,2309.06,0.555,0.653
2001-06-13,2313.74,0.203,0.654
2001-06-14,2302.16,-0.5,0.654
2001-06-15,2300.18,-0.086,0.652
2001-06-16,2303.13,0.128,0.655
2001-06-20,2307.78,0.202,0.607
2001-06-21,2305.35,-0.105,0.515
2001-06-22,2300.46,-0.212,0.516
2001-06-23,2298.88,-0.069,0.471
2001-06-27,2304.68,0.252,0.449
2001-06-28,2307.03,0.102,0.335
2001-06-29,2305.33,-0.074,0.329
2001-06-30,2298.85,-0.281,0.328
2001-07-04,2300.02,0.051,0.327
2001-07-05,2303.26,0.141,0.323
2001-07-06,2303.36,0.004,0.238
2001-07-07,2304.75,0.06,0.23
2001-07-10,2305.37,0.027,0.23
2001-07-11,2306.16,0.034,0.23
2001-07-12,2312.21,0.262,0.224
2001-07-13,2323.99,0.509,0.219
2001-07-14,2317.92,-0.261,0.224
2001-07-17,2302.56,-0.663,0.246
2001-07-18,2298.76,-0.165,0.248
2001-07-19,2298.63,-0.006,0.246
2001-07-20,2301.67,0.132,0.243
2001-07-24,2302.26,0.026,0.242
2001-07-25,2301.56,-0.03,0.238
2001-07-26,2302.70,0.05,0.237
2001-07-27,2301.53,-0.051,0.23
2001-07-28,2301.70,0.007,0.229
2001-07-31,2298.27,-0.149,0.231
2001-08-01,2293.25,-0.218,0.227
2001-08-02,2295.19,0.085,0.228
2001-08-03,2298.91,0.162,0.229
2001-08-04,2295.72,-0.139,0.231
2001-08-07,2291.46,-0.186,0.233
2001-08-09,2295.05,0.157,0.236
2001-08-10,2291.50,-0.155,0.238
2001-08-11,2288.03,-0.151,0.229
2001-08-14,2284.90,-0.137,0.187
2001-08-15,2284.98,0.004,0.183
2001-08-16,2291.41,0.281,0.139
2001-08-17,2288.18,-0.141,0.138
2001-08-18,2285.06,-0.136,0.14
2001-08-22,2283.86,-0.053,0.135
2001-08-23,2279.25,-0.202,0.138
2001-08-24,2275.07,-0.183,0.141
2001-08-25,2273.50,-0.069,0.139
2001-08-28,2282.56,0.399,0.173
2001-08-29,2290.57,0.351,0.194
2001-08-30,2297.24,0.291,0.204
2001-08-31,2301.23,0.174,0.201
2001-09-01,2296.85,-0.19,0.206
2001-09-04,2305.15,0.361,0.218
2001-09-05,2305.28,0.006,0.215
2001-09-06,2312.87,0.329,0.22
2001-09-07,2317.02,0.179,0.22
2001-09-08,2320.09,0.132,0.216
2001-09-11,2324.78,0.202,0.212
2001-09-12,2341.28,0.71,0.248
2001-09-13,2341.14,-0.006,0.248
2001-09-14,2337.25,-0.166,0.253
2001-09-15,2342.44,0.222,0.248
2001-09-18,2342.18,-0.011,0.243
2001-09-19,2338.39,-0.162,0.248
2001-09-20,2342.04,0.156,0.236
2001-09-21,2341.68,-0.015,0.227
2001-09-22,2342.18,0.021,0.224
2001-09-25,2329.70,-0.533,0.263
2001-09-26,2327.09,-0.112,0.26
2001-09-27,2328.49,0.06,0.255
2001-09-28,2328.75,0.011,0.254
2001-09-29,2332.19,0.148,0.248
2001-10-02,2338.45,0.268,0.243
2001-10-03,2334.24,-0.18,0.249
2001-10-04,2336.18,0.083,0.241
2001-10-05,2336.28,0.004,0.239
2001-10-06,2331.03,-0.225,0.246
2001-10-09,2331.02,-0.0,0.242
2001-10-10,2328.91,-0.091,0.179
2001-10-11,2320.41,-0.365,0.194
2001-10-12,2312.33,-0.348,0.204
2001-10-13,2314.74,0.104,0.197
2001-10-17,2303.30,-0.494,0.219
2001-10-18,2300.01,-0.143,0.219
2001-10-19,2313.24,0.575,0.259
2001-10-20,2315.26,0.087,0.261
2001-10-23,2318.47,0.139,0.264
2001-10-24,2316.14,-0.1,0.239
2001-10-25,2319.53,0.146,0.242
2001-10-26,2316.68,-0.123,0.242
2001-10-27,2314.50,-0.094,0.242
2001-10-30,2311.42,-0.133,0.24
2001-10-31,2310.02,-0.061,0.228
2001-11-01,2309.12,-0.039,0.226
2001-11-02,2309.89,0.033,0.225
2001-11-03,2309.42,-0.02,0.225
2001-11-07,2309.22,-0.009,0.221
2001-11-08,2306.57,-0.115,0.222
2001-11-09,2307.24,0.029,0.222
2001-11-10,2303.68,-0.154,0.211
2001-11-14,2300.69,-0.13,0.199
2001-11-15,2302.81,0.092,0.199
2001-11-16,2311.57,0.38,0.186
2001-11-17,2314.33,0.119,0.184
2001-11-20,2310.90,-0.148,0.136
2001-11-21,2314.86,0.171,0.14
2001-11-22,2319.34,0.194,0.143
2001-11-23,2317.57,-0.076,0.143
2001-11-24,2316.40,-0.05,0.139
2001-11-27,2313.26,-0.136,0.14
2001-11-28,2312.90,-0.016,0.138
2001-11-29,2310.97,-0.083,0.136
2001-11-30,2308.59,-0.103,0.137
2001-12-01,2303.35,-0.227,0.146
2001-12-04,2304.13,0.034,0.146
2001-12-05,2314.76,0.461,0.18
2001-12-06,2315.36,0.026,0.18
2001-12-07,2314.89,-0.02,0.178
2001-12-08,2310.90,-0.172,0.183
2001-12-11,2308.41,-0.108,0.181
2001-12-12,2306.56,-0.08,0.179
2001-12-13,2307.12,0.024,0.179
2001-12-14,2312.00,0.212,0.163
2001-12-15,2318.67,0.288,0.174
2001-12-18,2310.58,-0.349,0.189
2001-12-19,2306.82,-0.163,0.187
2001-12-20,2307.10,0.012,0.181
2001-12-21,2306.88,-0.01,0.181
2001-12-22,2303.15,-0.162,0.183
2001-12-25,2297.59,-0.241,0.188
2001-12-26,2297.59,0.0,0.188
2001-12-27,2297.17,-0.018,0.188
2001-12-28,2301.33,0.181,0.192
2001-12-29,2291.18,-0.441,0.21
2002-01-03,2289.42,-0.077,0.21
2002-01-04,2289.91,0.021,0.176
2002-01-05,2295.59,0.248,0.188
2002-01-09,2306.31,0.467,0.22
2002-01-10,2306.35,0.002,0.217
2002-01-11,2311.57,0.226,0.221
2002-01-12,2304.54,-0.304,0.232
2002-01-15,2297.31,-0.314,0.241
2002-01-16,2280.73,-0.722,0.281
2002-01-17,2265.66,-0.661,0.297
2002-01-18,2265.01,-0.029,0.293
2002-01-19,2269.76,0.21,0.3
2002-01-22,2259.24,-0.463,0.311
2002-01-23,2247.29,-0.529,0.324
2002-01-24,2239.92,-0.328,0.327
2002-01-25,2231.98,-0.354,0.33
2002-01-26,2242.67,0.479,0.357
2002-01-29,2252.37,0.433,0.378
2002-01-30,2262.45,0.448,0.392
2002-01-31,2264.82,0.105,0.385
2002-02-01,2265.99,0.052,0.386
2002-02-02,2267.33,0.059,0.386
2002-02-05,2266.61,-0.032,0.38
2002-02-06,2259.81,-0.3,0.362
2002-02-07,2254.98,-0.214,0.362
2002-02-08,2260.17,0.23,0.362
2002-02-09,2272.76,0.557,0.389
2002-02-12,2283.14,0.457,0.401
2002-02-13,2290.19,0.309,0.373
2002-02-14,2309.27,0.833,0.378
2002-02-15,2312.03,0.12,0.377
2002-02-16,2288.54,-1.016,0.451
2002-02-19,2288.98,0.019,0.436
2002-02-20,2280.98,-0.35,0.424
2002-02-21,2282.94,0.086,0.414
2002-02-22,2309.45,1.161,0.463
2002-02-23,2307.75,-0.074,0.46
2002-02-26,2310.21,0.107,0.455
2002-02-27,2313.13,0.126,0.449
2002-02-28,2309.82,-0.143,0.452
2002-03-01,2306.45,-0.146,0.455
2002-03-02,2306.33,-0.005,0.456
2002-03-05,2299.15,-0.311,0.464
2002-03-06,2293.60,-0.241,0.462
2002-03-07,2290.00,-0.157,0.46
2002-03-08,2289.83,-0.007,0.459
2002-03-09,2283.83,-0.262,0.449
2002-03-12,2269.88,-0.611,0.459
2002-03-13,2269.17,-0.031,0.452
2002-03-14,2270.66,0.066,0.403
2002-03-15,2272.27,0.071,0.402
2002-03-16,2278.56,0.277,0.344
2002-03-19,2282.25,0.162,0.347
2002-03-20,2274.53,-0.338,0.346
2002-03-21,2279.60,0.223,0.35
2002-03-22,2280.00,0.018,0.217
2002-03-23,2274.47,-0.243,0.22
2002-03-27,2261.37,-0.576,0.243
2002-03-28,2261.23,-0.006,0.238
2002-04-02,2264.57,0.148,0.245
2002-04-03,2257.16,-0.327,0.25
2002-04-04,2267.99,0.48,0.282
2002-04-05,2269.35,0.06,0.278
2002-04-06,2263.03,-0.278,0.28
2002-04-09,2255.02,-0.354,0.286
2002-04-10,2254.45,-0.025,0.286
2002-04-11,2257.78,0.148,0.287
2002-04-12,2261.66,0.172,0.259
2002-04-13,2264.98,0.147,0.262
2002-04-16,2266.92,0.086,0.262
2002-04-17,2262.56,-0.192,0.265
2002-04-18,2261.12,-0.064,0.255
2002-04-19,2256.66,-0.197,0.253
2002-04-20,2260.90,0.188,0.25
2002-04-23,2259.88,-0.045,0.243
2002-04-24,2263.68,0.168,0.247
2002-04-25,2265.70,0.089,0.243
2002-04-26,2267.40,0.075,0.205
2002-04-27,2270.92,0.155,0.208
2002-04-30,2275.35,0.195,0.21
2002-05-01,2275.43,0.004,0.193
2002-05-03,2279.56,0.182,0.167
2002-05-04,2286.39,0.3,0.178
2002-05-07,2285.64,-0.033,0.162
2002-05-08,2286.60,0.042,0.132
2002-05-09,2284.93,-0.073,0.134
2002-05-10,2289.17,0.186,0.136
2002-05-11,2292.00,0.124,0.134
2002-05-15,2293.00,0.044,0.133
2002-05-16,2300.02,0.306,0.144
2002-05-17,2314.21,0.617,0.176
2002-05-18,2332.68,0.798,0.228
2002-05-21,2350.20,0.751,0.248
2002-05-22,2363.28,0.557,0.26
2002-05-23,2349.80,-0.57,0.31
2002-05-24,2338.55,-0.479,0.345
2002-05-25,2331.07,-0.32,0.362
2002-05-28,2309.85,-0.91,0.432
2002-05-29,2314.30,0.193,0.432
2002-05-30,2317.12,0.122,0.431
2002-05-31,2321.16,0.174,0.431
2002-06-01,2321.68,0.022,0.431
2002-06-05,2324.54,0.123,0.428
2002-06-06,2331.69,0.308,0.43
2002-06-07,2335.30,0.155,0.43
2002-06-08,2336.11,0.035,0.429
2002-06-12,2340.36,0.182,0.429
2002-06-13,2347.68,0.313,0.431
2002-06-14,2357.14,0.403,0.435
2002-06-15,2369.12,0.508,0.441
2002-06-18,2379.92,0.456,0.434
2002-06-19,2383.31,0.142,0.405
2002-06-20,2393.87,0.443,0.385
2002-06-21,2391.65,-0.093,0.371
2002-06-22,2384.22,-0.311,0.352
2002-06-25,2383.41,-0.034,0.328
2002-06-26,2386.18,0.116,0.313
2002-06-27,2392.13,0.249,0.2
2002-06-28,2398.14,0.251,0.201
2002-06-29,2398.82,0.028,0.203
2002-07-03,2410.54,0.489,0.215
2002-07-04,2425.42,0.617,0.231
2002-07-05,2426.40,0.04,0.234
2002-07-06,2434.32,0.326,0.234
2002-07-09,2457.39,0.948,0.285
2002-07-10,2462.18,0.195,0.281
2002-07-11,2482.21,0.814,0.305
2002-07-12,2506.84,0.992,0.343
2002-07-13,2513.99,0.285,0.343
2002-07-16,2507.21,-0.27,0.364
2002-07-17,2499.92,-0.291,0.383
2002-07-18,2524.76,0.994,0.417
2002-07-19,2538.47,0.543,0.419
2002-07-20,2529.57,-0.351,0.436
2002-07-23,2517.42,-0.48,0.449
2002-07-24,2539.00,0.857,0.461
2002-07-25,2572.42,1.316,0.509
2002-07-26,2580.15,0.3,0.509
2002-07-27,2596.26,0.624,0.51
2002-07-30,2599.57,0.127,0.507
2002-07-31,2625.06,0.981,0.523
2002-08-01,2636.30,0.428,0.521
2002-08-02,2640.35,0.154,0.518
2002-08-03,2643.03,0.102,0.522
2002-08-06,2663.81,0.786,0.515
2002-08-07,2670.61,0.255,0.514
2002-08-09,2649.32,-0.797,0.57
2002-08-10,2568.80,-3.039,0.925
2002-08-13,2595.80,1.051,0.947
2002-08-14,2657.98,2.395,1.063
2002-08-15,2635.87,-0.832,1.086
2002-08-16,2648.77,0.489,1.074
2002-08-17,2663.61,0.56,1.074
2002-08-21,2620.91,-1.603,1.145
2002-08-22,2626.17,0.201,1.134
2002-08-23,2652.96,1.02,1.14
2002-08-24,2643.37,-0.361,1.117
2002-08-27,2653.29,0.375,1.117
2002-08-28,2672.25,0.715,1.12
2002-08-29,2688.64,0.613,1.124
2002-08-30,2712.46,0.886,1.121
2002-08-31,2703.55,-0.328,1.125
2002-09-03,2679.51,-0.889,1.148
2002-09-04,2677.39,-0.079,1.148
2002-09-05,2694.51,0.639,1.144
2002-09-06,2714.77,0.752,1.153
2002-09-07,2712.14,-0.097,1.136
2002-09-10,2703.63,-0.314,0.868
2002-09-11,2707.58,0.146,0.848
2002-09-12,2718.85,0.416,0.679
2002-09-13,2730.91,0.444,0.644
2002-09-14,2741.29,0.38,0.642
2002-09-17,2758.95,0.644,0.645
2002-09-18,2783.44,0.888,0.509
2002-09-19,2785.81,0.085,0.511
2002-09-20,2789.01,0.115,0.483
2002-09-21,2815.05,0.934,0.483
2002-09-24,2793.36,-0.771,0.54
2002-09-25,2810.46,0.612,0.536
2002-09-26,2802.32,-0.29,0.542
2002-09-27,2825.32,0.821,0.538
2002-09-28,2828.08,0.098,0.524
2002-10-01,2850.65,0.798,0.468
2002-10-02,2885.48,1.222,0.5
2002-10-03,2888.23,0.095,0.5
2002-10-04,2881.78,-0.223,0.506
2002-10-05,2876.40,-0.187,0.51
2002-10-08,2869.73,-0.232,0.505
2002-10-09,2850.98,-0.653,0.548
2002-10-10,2854.04,0.107,0.547
2002-10-11,2870.63,0.581,0.551
2002-10-12,2861.16,-0.33,0.565
2002-10-16,2852.99,-0.286,0.566
2002-10-17,2857.13,0.145,0.54
2002-10-18,2853.90,-0.113,0.543
2002-10-19,2836.34,-0.615,0.567
2002-10-22,2791.46,-1.582,0.643
2002-10-23,2758.76,-1.171,0.673
2002-10-24,2744.32,-0.523,0.661
2002-10-25,2747.07,0.1,0.661
2002-10-26,2755.69,0.314,0.633
2002-10-29,2770.73,0.546,0.649
2002-10-30,2781.72,0.397,0.626
2002-10-31,2773.73,-0.287,0.541
2002-11-01,2778.60,0.176,0.543
2002-11-02,2778.47,-0.005,0.545
2002-11-06,2774.58,-0.14,0.545
2002-11-07,2761.99,-0.454,0.548
2002-11-08,2743.00,-0.688,0.55
2002-11-09,2743.92,0.034,0.548
2002-11-13,2727.05,-0.615,0.524
2002-11-14,2717.89,-0.336,0.524
2002-11-15,2724.04,0.226,0.534
2002-11-16,2703.75,-0.745,0.539
2002-11-19,2679.96,-0.88,0.554
2002-11-20,2683.04,0.115,0.557
2002-11-21,2671.70,-0.423,0.467
2002-11-22,2666.41,-0.198,0.409
2002-11-23,2687.25,0.782,0.451
2002-11-26,2716.95,1.105,0.525
2002-11-27,2735.04,0.666,0.544
2002-11-28,2754.67,0.718,0.555
2002-11-29,2758.28,0.131,0.547
2002-11-30,2784.21,0.94,0.586
2002-12-03,2812.94,1.032,0.627
2002-12-04,2826.10,0.468,0.634
2002-12-05,2806.63,-0.689,0.655
2002-12-06,2788.72,-0.638,0.664
2002-12-07,2782.40,-0.227,0.645
2002-12-10,2815.00,1.172,0.69
2002-12-11,2816.42,0.05,0.668
2002-12-12,2801.01,-0.547,0.678
2002-12-13,2793.16,-0.28,0.684
2002-12-14,2808.16,0.537,0.658
2002-12-17,2807.61,-0.02,0.61
2002-12-18,2805.55,-0.073,0.614
2002-12-19,2818.81,0.473,0.596
2002-12-20,2818.54,-0.01,0.59
2002-12-21,2814.71,-0.136,0.585
2002-12-24,2826.04,0.403,0.55
2002-12-25,2823.95,-0.074,0.541
2002-12-27,2843.57,0.695,0.54
2002-12-28,2854.29,0.377,0.542
2002-12-31,2864.79,0.368,0.514
2003-01-03,2844.82,-0.697,0.502
2003-01-04,2841.56,-0.115,0.494
2003-01-08,2881.83,1.417,0.554
2003-01-09,2902.92,0.732,0.538
2003-01-10,2915.01,0.416,0.53
2003-01-11,2905.77,-0.317,0.495
2003-01-14,2906.49,0.025,0.495
2003-01-15,2903.05,-0.118,0.472
2003-01-16,2905.41,0.081,0.46
2003-01-17,2928.19,0.784,0.472
2003-01-18,2923.58,-0.157,0.477
2003-01-21,2926.06,0.085,0.473
2003-01-22,2933.81,0.265,0.47
2003-01-23,2947.05,0.451,0.47
2003-01-24,2926.88,-0.684,0.507
2003-01-25,2924.73,-0.073,0.508
2003-01-28,2948.30,0.806,0.523
2003-01-29,2965.60,0.587,0.519
2003-01-30,2950.71,-0.502,0.541
2003-01-31,2926.46,-0.822,0.581
2003-02-01,2940.26,0.472,0.554
2003-02-04,2957.40,0.583,0.557
2003-02-05,2966.78,0.317,0.48
2003-02-06,2961.29,-0.185,0.465
2003-02-07,2963.28,0.067,0.459
2003-02-08,2954.03,-0.312,0.459
2003-02-11,2968.88,0.503,0.468
2003-02-12,2963.21,-0.191,0.47
2003-02-13,2960.77,-0.082,0.472
2003-02-14,2959.75,-0.034,0.444
2003-02-15,2954.76,-0.169,0.444
2003-02-18,2934.58,-0.683,0.473
2003-02-19,2929.64,-0.168,0.471
2003-02-20,2937.44,0.266,0.463
2003-02-21,2938.23,0.027,0.436
2003-02-22,2939.92,0.058,0.435
2003-02-25,2949.05,0.311,0.401
2003-02-26,2951.81,0.094,0.378
2003-02-27,2949.85,-0.066,0.361
2003-02-28,2956.31,0.219,0.308
2003-03-01,2957.87,0.053,0.291
2003-03-04,2959.97,0.071,0.261
2003-03-05,2962.06,0.071,0.251
2003-03-06,2960.77,-0.044,0.248
2003-03-07,2960.11,-0.022,0.248
2003-03-08,2959.75,-0.012,0.237
2003-03-11,2961.93,0.074,0.208
2003-03-12,2962.76,0.028,0.203
2003-03-13,2961.99,-0.026,0.202
2003-03-14,2959.39,-0.088,0.203
2003-03-15,2958.86,-0.018,0.2
2003-03-18,2956.47,-0.081,0.119
2003-03-19,2955.84,-0.021,0.11
2003-03-20,2955.64,-0.007,0.097
2003-03-21,2954.62,-0.035,0.098
2003-03-22,2956.06,0.049,0.098
2003-03-26,2959.26,0.108,0.075
2003-03-27,2959.84,0.02,0.073
2003-03-28,2958.73,-0.038,0.072
2003-03-29,2958.25,-0.016,0.054
2003-04-01,2958.15,-0.003,0.052
2003-04-02,2958.56,0.014,0.05
2003-04-03,2956.50,-0.07,0.049
2003-04-04,2951.14,-0.181,0.062
2003-04-05,2946.79,-0.147,0.068
2003-04-08,2942.41,-0.149,0.074
2003-04-09,2938.32,-0.139,0.074
2003-04-10,2920.40,-0.61,0.146
2003-04-11,2911.74,-0.297,0.153
2003-04-12,2923.07,0.389,0.187
2003-04-15,2931.69,0.295,0.203
2003-04-16,2919.58,-0.413,0.219
2003-04-17,2918.01,-0.054,0.219
2003-04-22,2920.04,0.07,0.22
2003-04-23,2916.03,-0.137,0.221
2003-04-24,2911.00,-0.172,0.22
2003-04-25,2908.25,-0.094,0.216
2003-04-26,2912.83,0.157,0.222
2003-04-29,2900.00,-0.44,0.236
2003-04-30,2887.82,-0.42,0.245
2003-05-01,2868.43,-0.671,0.272
2003-05-03,2865.94,-0.087,0.27
2003-05-06,2858.37,-0.264,0.27
2003-05-07,2856.98,-0.049,0.271
2003-05-08,2866.06,0.318,0.292
2003-05-09,2848.41,-0.616,0.311
2003-05-10,2840.04,-0.294,0.312
2003-05-13,2833.86,-0.218,0.295
2003-05-14,2813.60,-0.715,0.32
2003-05-15,2821.08,0.266,0.309
2003-05-16,2827.99,0.245,0.305
2003-05-17,2816.46,-0.408,0.305
2003-05-20,2874.77,2.07,0.589
2003-05-21,2909.83,1.22,0.656
2003-05-22,2912.46,0.09,0.656
2003-05-23,2905.91,-0.225,0.656
2003-05-24,2868.37,-1.292,0.717
2003-05-27,2868.37,0.0,0.715
2003-05-28,2850.03,-0.639,0.722
2003-05-29,2874.91,0.873,0.748
2003-05-30,2855.88,-0.662,0.747
2003-05-31,2853.33,-0.089,0.747
2003-06-04,2846.16,-0.251,0.747
2003-06-05,2849.71,0.125,0.748
2003-06-06,2839.21,-0.368,0.747
2003-06-07,2828.20,-0.388,0.74
2003-06-10,2818.50,-0.343,0.741
2003-06-11,2809.63,-0.315,0.743
2003-06-12,2821.27,0.414,0.731
2003-06-13,2832.20,0.387,0.734
2003-06-14,2821.61,-0.374,0.737
2003-06-17,2818.62,-0.106,0.732
2003-06-18,2828.96,0.367,0.557
2003-06-19,2829.42,0.016,0.467
2003-06-20,2827.40,-0.071,0.464
2003-06-21,2826.36,-0.037,0.465
2003-06-25,2815.26,-0.393,0.384
2003-06-26,2806.96,-0.295,0.385
2003-06-27,2812.28,0.19,0.369
2003-06-28,2817.32,0.179,0.303
2003-07-02,2817.63,0.011,0.274
2003-07-03,2812.40,-0.186,0.275
2003-07-04,2815.14,0.097,0.274
2003-07-08,2820.85,0.203,0.277
2003-07-09,2838.88,0.639,0.306
2003-07-10,2846.89,0.282,0.298
2003-07-11,2855.41,0.299,0.29
2003-07-12,2856.96,0.054,0.276
2003-07-15,2871.88,0.522,0.284
2003-07-16,2879.37,0.261,0.278
2003-07-17,2888.57,0.32,0.261
2003-07-18,2883.90,-0.162,0.264
2003-07-19,2880.69,-0.111,0.261
2003-07-22,2878.33,-0.082,0.264
2003-07-23,2878.56,0.008,0.262
2003-07-24,2882.70,0.144,0.26
2003-07-25,2887.31,0.16,0.233
2003-07-26,2888.32,0.035,0.213
2003-07-29,2883.15,-0.179,0.224
2003-07-30,2873.17,-0.346,0.247
2003-07-31,2880.40,0.252,0.248
2003-08-01,2879.60,-0.028,0.241
2003-08-02,2886.87,0.252,0.243
2003-08-05,2894.58,0.267,0.244
2003-08-06,2901.09,0.225,0.214
2003-08-07,2887.05,-0.484,0.248
2003-08-09,2875.18,-0.411,0.263
2003-08-12,2873.51,-0.058,0.264
2003-08-13,2868.50,-0.174,0.241
2003-08-14,2870.67,0.076,0.233
2003-08-15,2864.81,-0.204,0.223
2003-08-16,2861.34,-0.121,0.222
2003-08-20,2869.29,0.278,0.232
2003-08-21,2861.63,-0.267,0.238
2003-08-22,2853.56,-0.282,0.245
2003-08-23,2841.25,-0.431,0.255
2003-08-26,2843.66,0.085,0.252
2003-08-27,2848.86,0.183,0.258
2003-08-28,2850.89,0.071,0.258
2003-08-29,2846.26,-0.162,0.25
2003-08-30,2832.94,-0.468,0.257
2003-09-03,2841.02,0.285,0.27
2003-09-04,2826.46,-0.512,0.276
2003-09-05,2816.74,-0.344,0.266
2003-09-06,2820.46,0.132,0.26
2003-09-09,2822.85,0.085,0.252
2003-09-10,2820.20,-0.094,0.242
2003-09-11,2825.28,0.18,0.25
2003-09-12,2829.82,0.161,0.254
2003-09-13,2824.88,-0.175,0.253
2003-09-16,2824.53,-0.012,0.252
2003-09-17,2823.79,-0.026,0.252
2003-09-18,2823.28,-0.018,0.239
2003-09-19,2833.64,0.367,0.254
2003-09-20,2844.64,0.388,0.266
2003-09-23,2859.37,0.518,0.272
2003-09-24,2866.42,0.247,0.276
2003-09-25,2872.30,0.205,0.277
2003-09-26,2871.39,-0.032,0.277
2003-09-27,2879.32,0.276,0.278
2003-09-30,2889.39,0.35,0.256
2003-10-01,2888.21,-0.041,0.254
2003-10-02,2907.41,0.665,0.245
2003-10-03,2905.12,-0.079,0.224
2003-10-04,2881.88,-0.8,0.309
2003-10-07,2872.70,-0.319,0.324
2003-10-08,2868.91,-0.132,0.325
2003-10-09,2887.59,0.651,0.348
2003-10-10,2878.39,-0.319,0.361
2003-10-11,2868.85,-0.331,0.368
2003-10-15,2865.32,-0.123,0.371
2003-10-16,2873.70,0.292,0.373
2003-10-17,2867.75,-0.207,0.378
2003-10-18,2865.04,-0.094,0.374
2003-10-21,2864.34,-0.024,0.366
2003-10-22,2864.25,-0.003,0.348
2003-10-23,2870.01,0.201,0.346
2003-10-24,2872.55,0.089,0.344
2003-10-25,2857.88,-0.511,0.362
2003-10-28,2882.77,0.871,0.409
2003-10-29,2879.34,-0.119,0.402
2003-10-30,2870.11,-0.321,0.408
2003-10-31,2884.17,0.49,0.394
2003-11-01,2878.05,-0.212,0.396
2003-11-05,2869.46,-0.298,0.36
2003-11-06,2856.34,-0.457,0.367
2003-11-07,2854.17,-0.076,0.366
2003-11-08,2843.82,-0.363,0.337
2003-11-11,2840.41,-0.12,0.332
2003-11-13,2845.69,0.186,0.33
2003-11-14,2850.24,0.16,0.333
2003-11-15,2842.53,-0.271,0.328
2003-11-19,2831.97,-0.372,0.334
2003-11-20,2826.60,-0.19,0.335
2003-11-21,2831.10,0.159,0.339
2003-11-22,2836.45,0.189,0.343
2003-11-25,2838.02,0.055,0.339
2003-11-26,2839.20,0.042,0.339
2003-11-27,2838.70,-0.018,0.321
2003-11-29,2836.05,-0.093,0.241
2003-12-02,2829.08,-0.246,0.243
2003-12-03,2817.14,-0.422,0.25
2003-12-04,2815.19,-0.069,0.209
2003-12-05,2815.33,0.005,0.209
2003-12-06,2808.42,-0.245,0.207
2003-12-10,2822.78,0.511,0.233
2003-12-11,2815.45,-0.26,0.237
2003-12-12,2808.31,-0.254,0.231
2003-12-13,2812.81,0.16,0.236
2003-12-16,2807.25,-0.198,0.231
2003-12-17,2793.06,-0.505,0.244
2003-12-18,2795.21,0.077,0.244
2003-12-19,2801.67,0.231,0.244
2003-12-20,2806.89,0.186,0.247
2003-12-23,2809.09,0.078,0.245
2003-12-24,2806.33,-0.098,0.239
2003-12-25,2796.89,-0.336,0.245
2003-12-27,2795.21,-0.06,0.244
2003-12-30,2780.82,-0.515,0.262
2003-12-31,2778.21,-0.094,0.262
2004-01-01,2778.21,0.0,0.261
2004-01-03,2777.96,-0.009,0.249
2004-01-06,2778.92,0.035,0.25
2004-01-07,2765.76,-0.474,0.266
2004-01-08,2758.83,-0.251,0.266
2004-01-09,2750.89,-0.288,0.229
2004-01-10,2754.33,0.125,0.233
2004-01-14,2762.31,0.29,0.247
2004-01-15,2747.06,-0.552,0.261
2004-01-16,2723.83,-0.846,0.307
2004-01-17,2728.70,0.179,0.304
2004-01-21,2730.75,0.075,0.304
2004-01-22,2740.76,0.367,0.313
2004-01-23,2742.88,0.077,0.309
2004-01-24,2747.72,0.176,0.313
2004-01-27,2766.89,0.698,0.361
2004-01-28,2736.28,-1.106,0.426
2004-01-29,2721.56,-0.538,0.437
2004-01-30,2740.55,0.698,0.464
2004-01-31,2742.47,0.07,0.465
2004-02-03,2738.15,-0.158,0.465
2004-02-04,2747.28,0.333,0.474
2004-02-05,2750.67,0.123,0.475
2004-02-06,2748.90,-0.064,0.465
2004-02-07,2757.14,0.3,0.467
2004-02-10,2741.17,-0.579,0.481
2004-02-11,2735.50,-0.207,0.482
2004-02-12,2736.94,0.053,0.476
2004-02-13,2736.42,-0.019,0.461
2004-02-14,2724.36,-0.441,0.431
2004-02-18,2715.20,-0.336,0.435
2004-02-19,2697.66,-0.646,0.456
2004-02-20,2693.84,-0.142,0.445
2004-02-21,2700.19,0.236,0.449
2004-02-24,2665.83,-1.273,0.518
2004-02-25,2651.94,-0.521,0.483
2004-02-26,2664.30,0.466,0.457
2004-02-27,2686.54,0.835,0.494
2004-02-28,2682.34,-0.156,0.461
2004-03-02,2662.81,-0.728,0.479
2004-03-03,2660.42,-0.09,0.479
2004-03-04,2670.97,0.397,0.483
2004-03-05,2676.41,0.204,0.485
2004-03-06,2673.29,-0.117,0.485
2004-03-09,2675.65,0.088,0.477
2004-03-10,2679.22,0.133,0.47
2004-03-11,2685.17,0.222,0.475
2004-03-12,2683.08,-0.078,0.474
2004-03-13,2669.48,-0.507,0.482
2004-03-16,2661.45,-0.301,0.478
2004-03-17,2648.97,-0.469,0.482
2004-03-18,2650.21,0.047,0.467
2004-03-19,2669.07,0.712,0.5
2004-03-20,2669.39,0.012,0.496
2004-03-24,2664.50,-0.183,0.407
2004-03-25,2667.05,0.096,0.389
2004-03-26,2679.33,0.46,0.388
2004-03-27,2673.68,-0.211,0.342
2004-03-30,2676.93,0.122,0.342
2004-03-31,2678.16,0.046,0.297
2004-04-01,2682.09,0.147,0.297
2004-04-02,2671.01,-0.413,0.301
2004-04-03,2666.55,-0.167,0.299
2004-04-06,2667.06,0.019,0.298
2004-04-07,2663.05,-0.15,0.299
2004-04-08,2659.05,-0.15,0.298
2004-04-13,2648.80,-0.385,0.301
2004-04-14,2642.55,-0.236,0.303
2004-04-15,2631.72,-0.41,0.297
2004-04-16,2619.59,-0.461,0.305
2004-04-17,2620.19,0.023,0.292
2004-04-20,2612.30,-0.301,0.296
2004-04-21,2620.94,0.331,0.252
2004-04-22,2628.19,0.277,0.264
2004-04-23,2618.21,-0.38,0.272
2004-04-24,2622.74,0.173,0.275
2004-04-27,2613.94,-0.336,0.248
2004-04-28,2620.97,0.269,0.262
2004-04-29,2635.96,0.572,0.299
2004-04-30,2646.99,0.418,0.318
2004-05-01,2655.18,0.309,0.325
2004-05-04,2670.92,0.593,0.344
2004-05-05,2664.79,-0.23,0.346
2004-05-06,2658.43,-0.239,0.349
2004-05-07,2690.68,1.213,0.442
2004-05-08,2708.02,0.644,0.459
2004-05-11,2731.79,0.878,0.476
2004-05-12,2729.54,-0.082,0.471
2004-05-13,2729.01,-0.019,0.453
2004-05-14,2741.66,0.464,0.431
2004-05-15,2719.89,-0.794,0.487
2004-05-18,2713.30,-0.242,0.484
2004-05-19,2725.45,0.448,0.486
2004-05-20,2737.55,0.444,0.489
2004-05-21,2759.79,0.812,0.487
2004-05-22,2766.83,0.255,0.486
2004-05-26,2760.06,-0.245,0.481
2004-05-27,2754.83,-0.189,0.492
2004-05-28,2745.91,-0.324,0.501
2004-05-29,2724.92,-0.764,0.543
2004-06-02,2736.39,0.421,0.545
2004-06-03,2727.68,-0.318,0.545
2004-06-04,2722.69,-0.183,0.543
2004-06-05,2715.37,-0.269,0.544
2004-06-08,2707.33,-0.296,0.484
2004-06-09,2705.97,-0.05,0.462
2004-06-10,2719.34,0.494,0.431
2004-06-11,2732.40,0.48,0.445
2004-06-12,2734.94,0.093,0.445
2004-06-16,2735.05,0.004,0.432
2004-06-17,2725.87,-0.336,0.4
2004-06-18,2713.07,-0.47,0.41
2004-06-19,2710.99,-0.077,0.397
2004-06-23,2709.30,-0.062,0.381
2004-06-24,2715.53,0.23,0.33
2004-06-25,2702.60,-0.476,0.332
2004-06-26,2697.08,-0.204,0.331
2004-06-29,2695.02,-0.076,0.331
2004-06-30,2699.58,0.169,0.332
2004-07-01,2694.09,-0.203,0.293
2004-07-02,2682.25,-0.439,0.282
2004-07-03,2674.10,-0.304,0.282
2004-07-07,2672.95,-0.043,0.281
2004-07-08,2675.05,0.079,0.281
2004-07-09,2677.42,0.089,0.278
2004-07-10,2668.83,-0.321,0.284
2004-07-13,2670.01,0.044,0.253
2004-07-14,2674.41,0.165,0.224
2004-07-15,2662.19,-0.457,0.232
2004-07-16,2642.78,-0.729,0.264
2004-07-17,2628.30,-0.548,0.275
2004-07-20,2632.64,0.165,0.277
2004-07-22,2633.14,0.019,0.279
2004-07-23,2619.84,-0.505,0.29
2004-07-24,2628.46,0.329,0.298
2004-07-27,2636.32,0.299,0.305
2004-07-28,2639.72,0.129,0.309
2004-07-29,2634.44,-0.2,0.31
2004-07-30,2619.55,-0.565,0.318
2004-07-31,2612.44,-0.271,0.319
2004-08-03,2613.58,0.044,0.315
2004-08-04,2605.85,-0.296,0.314
2004-08-05,2609.39,0.136,0.319
2004-08-06,2609.61,0.008,0.317
2004-08-07,2602.91,-0.257,0.315
2004-08-10,2597.71,-0.2,0.312
2004-08-11,2598.98,0.049,0.312
2004-08-12,2606.93,0.306,0.321
2004-08-13,2614.97,0.308,0.325
2004-08-14,2609.92,-0.193,0.29
2004-08-18,2608.88,-0.04,0.266
2004-08-19,2609.88,0.038,0.263
2004-08-20,2607.62,-0.087,0.262
2004-08-21,2606.57,-0.04,0.239
2004-08-24,2595.75,-0.415,0.239
2004-08-25,2589.25,-0.25,0.227
2004-08-26,2575.51,-0.531,0.241
2004-08-27,2568.68,-0.265,0.242
2004-08-28,2574.49,0.226,0.231
2004-08-31,2551.43,-0.896,0.292
2004-09-01,2536.51,-0.585,0.307
2004-09-02,2538.59,0.082,0.309
2004-09-03,2552.78,0.559,0.341
2004-09-04,2564.89,0.474,0.365
2004-09-08,2552.74,-0.474,0.373
2004-09-09,2536.00,-0.656,0.393
2004-09-10,2523.08,-0.509,0.4
2004-09-11,2535.29,0.484,0.413
2004-09-14,2525.12,-0.401,0.403
2004-09-15,2521.77,-0.133,0.403
2004-09-16,2536.40,0.58,0.436
2004-09-17,2522.57,-0.545,0.443
2004-09-18,2518.30,-0.169,0.442
2004-09-21,2548.20,1.187,0.537
2004-09-22,2561.20,0.51,0.549
2004-09-23,2560.66,-0.021,0.547
2004-09-24,2567.83,0.28,0.54
2004-09-25,2602.20,1.338,0.615
2004-09-28,2600.64,-0.06,0.614
2004-09-29,2596.28,-0.168,0.575
2004-09-30,2595.17,-0.043,0.554
2004-10-01,2608.30,0.506,0.561
2004-10-02,2630.81,0.863,0.577
2004-10-05,2629.65,-0.044,0.573
2004-10-06,2608.36,-0.81,0.596
2004-10-07,2603.34,-0.192,0.574
2004-10-08,2601.70,-0.063,0.556
2004-10-09,2583.74,-0.69,0.581
2004-10-13,2558.04,-0.995,0.621
2004-10-14,2553.07,-0.194,0.622
2004-10-15,2549.10,-0.155,0.612
2004-10-16,2562.56,0.528,0.606
2004-10-20,2556.18,-0.249,0.608
2004-10-21,2561.33,0.201,0.55
2004-10-22,2555.26,-0.237,0.541
2004-10-23,2553.02,-0.088,0.542
2004-10-26,2568.11,0.591,0.555
2004-10-27,2582.39,0.556,0.478
2004-10-28,2579.59,-0.108,0.478
2004-10-29,2585.80,0.241,0.481
2004-10-30,2575.19,-0.41,0.489
2004-11-03,2568.08,-0.276,0.474
2004-11-04,2561.28,-0.265,0.421
2004-11-05,2550.37,-0.426,0.425
2004-11-06,2547.79,-0.101,0.396
2004-11-09,2544.65,-0.123,0.395
2004-11-10,2542.20,-0.096,0.395
2004-11-11,2540.47,-0.068,0.371
2004-11-13,2541.98,0.059,0.304
2004-11-17,2535.89,-0.24,0.305
2004-11-18,2523.41,-0.492,0.321
2004-11-19,2515.32,-0.321,0.296
2004-11-20,2517.86,0.101,0.297
2004-11-23,2521.81,0.157,0.295
2004-11-24,2509.79,-0.477,0.306
2004-11-25,2501.88,-0.315,0.31
2004-11-27,2484.36,-0.7,0.293
2004-11-30,2479.10,-0.212,0.238
2004-12-01,2479.18,0.003,0.242
2004-12-02,2472.12,-0.285,0.219
2004-12-03,2481.93,0.397,0.255
2004-12-04,2475.23,-0.27,0.254
2004-12-07,2466.71,-0.344,0.256
2004-12-08,2455.12,-0.47,0.259
2004-12-10,2464.19,0.369,0.287
2004-12-11,2440.72,-0.952,0.336
2004-12-14,2416.29,-1.001,0.379
2004-12-15,2385.10,-1.291,0.441
2004-12-16,2376.37,-0.366,0.432
2004-12-17,2365.75,-0.447,0.432
2004-12-18,2361.46,-0.181,0.432
2004-12-21,2329.79,-1.341,0.488
2004-12-22,2316.12,-0.587,0.476
2004-12-23,2381.03,2.803,0.858
2004-12-24,2404.40,0.982,0.901
2004-12-25,2375.99,-1.182,0.927
2004-12-28,2385.32,0.393,0.932
2004-12-29,2415.37,1.26,0.987
2004-12-30,2412.10,-0.135,0.987
2004-12-31,2389.75,-0.927,1.002
2005-01-04,2338.84,-2.13,1.084
2005-01-05,2315.45,-1.0,1.095
2005-01-06,2344.45,1.252,1.151
2005-01-07,2386.67,1.801,1.236
2005-01-08,2358.54,-1.179,1.252
2005-01-12,2380.96,0.951,1.265
2005-01-13,2358.64,-0.937,1.262
2005-01-14,2340.42,-0.772,1.242
2005-01-15,2351.23,0.462,1.246
2005-01-19,2371.77,0.874,1.259
2005-01-20,2363.69,-0.341,1.26
2005-01-21,2381.54,0.755,1.229
2005-01-22,2373.86,-0.322,1.222
2005-01-25,2370.77,-0.13,1.048
2005-01-26,2370.08,-0.029,1.022
2005-01-27,2370.95,0.037,0.987
2005-01-28,2372.63,0.071,0.983
2005-01-29,2367.76,-0.205,0.936
2005-02-01,2363.75,-0.169,0.936
2005-02-02,2358.16,-0.236,0.916
2005-02-03,2364.13,0.253,0.778
2005-02-04,2365.08,0.04,0.737
2005-02-05,2361.92,-0.134,0.688
2005-02-08,2365.79,0.164,0.551
2005-02-09,2364.16,-0.069,0.482
2005-02-10,2358.61,-0.235,0.43
2005-02-11,2344.94,-0.58,0.398
2005-02-12,2346.04,0.047,0.357
2005-02-15,2338.27,-0.331,0.349
2005-02-16,2330.62,-0.327,0.282
2005-02-17,2331.70,0.046,0.277
2005-02-18,2327.45,-0.182,0.199
2005-02-19,2318.12,-0.401,0.204
2005-02-23,2311.83,-0.271,0.207
2005-02-24,2308.58,-0.141,0.206
2005-02-25,2308.70,0.005,0.204
2005-02-26,2323.77,0.653,0.267
2005-03-01,2327.98,0.181,0.273
2005-03-02,2329.67,0.073,0.274
2005-03-03,2333.65,0.171,0.277
2005-03-04,2333.70,0.002,0.268
2005-03-05,2338.93,0.224,0.274
2005-03-08,2324.89,-0.6,0.3
2005-03-09,2325.69,0.034,0.296
2005-03-10,2334.11,0.362,0.312
2005-03-11,2340.34,0.267,0.318
2005-03-12,2332.72,-0.326,0.3
2005-03-15,2346.71,0.6,0.331
2005-03-16,2362.36,0.667,0.352
2005-03-17,2386.47,1.021,0.402
2005-03-18,2374.46,-0.503,0.425
2005-03-19,2371.43,-0.128,0.423
2005-03-23,2361.78,-0.407,0.424
2005-03-24,2382.30,0.869,0.448
2005-03-29,2397.25,0.628,0.454
2005-03-30,2393.32,-0.164,0.46
2005-03-31,2376.48,-0.704,0.486
2005-04-01,2363.23,-0.558,0.508
2005-04-02,2365.98,0.116,0.508
2005-04-05,2374.47,0.359,0.511
2005-04-06,2369.67,-0.202,0.515
2005-04-07,2362.28,-0.312,0.521
2005-04-08,2353.16,-0.386,0.509
2005-04-09,2349.80,-0.143,0.511
2005-04-12,2331.95,-0.76,0.536
2005-04-13,2335.40,0.148,0.534
2005-04-14,2328.74,-0.285,0.533
2005-04-15,2346.09,0.745,0.542
2005-04-16,2363.96,0.762,0.549
2005-04-19,2363.30,-0.028,0.494
2005-04-20,2355.64,-0.324,0.487
2005-04-21,2344.45,-0.475,0.496
2005-04-22,2336.35,-0.345,0.494
2005-04-23,2336.25,-0.004,0.445
2005-04-26,2343.97,0.33,0.424
2005-04-27,2342.56,-0.06,0.424
2005-04-28,2338.07,-0.192,0.4
2005-04-29,2344.87,0.291,0.392
2005-04-30,2348.32,0.147,0.393
2005-05-03,2349.59,0.054,0.382
2005-05-04,2345.45,-0.176,0.382
2005-05-05,2337.08,-0.357,0.384
2005-05-06,2338.44,0.058,0.376
2005-05-07,2339.06,0.027,0.375
2005-05-11,2339.77,0.03,0.333
2005-05-12,2340.99,0.052,0.332
2005-05-13,2344.00,0.129,0.325
2005-05-14,2348.69,0.2,0.282
2005-05-17,2347.25,-0.061,0.219
2005-05-18,2341.72,-0.236,0.224
2005-05-19,2339.44,-0.097,0.214
2005-05-20,2336.99,-0.105,0.189
2005-05-21,2337.00,0.0,0.172
2005-05-24,2329.05,-0.34,0.188
2005-05-25,2328.69,-0.015,0.17
2005-05-26,2329.35,0.028,0.17
2005-05-27,2330.79,0.062,0.167
2005-05-28,2332.79,0.086,0.152
2005-06-01,2338.89,0.261,0.161
2005-06-02,2339.67,0.033,0.161
2005-06-03,2336.65,-0.129,0.159
2005-06-04,2330.93,-0.245,0.148
2005-06-08,2331.38,0.019,0.147
2005-06-09,2347.83,0.706,0.218
2005-06-10,2361.41,0.578,0.252
2005-06-11,2349.17,-0.518,0.281
2005-06-14,2345.60,-0.152,0.283
2005-06-15,2334.27,-0.483,0.299
2005-06-16,2330.33,-0.169,0.3
2005-06-17,2326.43,-0.167,0.298
2005-06-18,2322.05,-0.188,0.3
2005-06-21,2319.11,-0.127,0.3
2005-06-22,2314.89,-0.182,0.302
2005-06-23,2316.45,0.067,0.294
2005-06-24,2319.27,0.122,0.296
2005-06-25,2320.29,0.044,0.296
2005-06-28,2323.19,0.125,0.298
2005-06-29,2327.90,0.203,0.301
2005-06-30,2331.81,0.168,0.297
2005-07-01,2324.22,-0.325,0.305
2005-07-02,2324.69,0.02,0.304
2005-07-06,2338.17,0.58,0.328
2005-07-07,2338.86,0.03,0.328
2005-07-08,2332.70,-0.263,0.29
2005-07-09,2330.72,-0.085,0.252
2005-07-12,2324.37,-0.272,0.234
2005-07-13,2323.08,-0.055,0.233
2005-07-14,2326.09,0.13,0.212
2005-07-15,2329.40,0.142,0.212
2005-07-16,2332.07,0.115,0.21
2005-07-19,2320.26,-0.506,0.236
2005-07-20,2312.73,-0.325,0.245
2005-07-22,2312.82,0.004,0.242
2005-07-23,2316.42,0.156,0.244
2005-07-26,2315.39,-0.044,0.243
2005-07-27,2316.93,0.067,0.243
2005-07-28,2313.84,-0.133,0.243
2005-07-29,2311.43,-0.104,0.238
2005-07-30,2308.49,-0.127,0.233
2005-08-02,2308.42,-0.003,0.224
2005-08-03,2305.95,-0.107,0.224
2005-08-04,2306.51,0.024,0.172
2005-08-05,2307.40,0.039,0.172
2005-08-06,2307.69,0.013,0.167
2005-08-09,2308.30,0.026,0.167
2005-08-10,2305.63,-0.116,0.16
2005-08-11,2299.75,-0.255,0.167
2005-08-12,2313.52,0.599,0.219
2005-08-13,2308.38,-0.222,0.219
2005-08-17,2301.74,-0.288,0.222
2005-08-18,2303.20,0.063,0.198
2005-08-19,2307.45,0.185,0.191
2005-08-20,2309.83,0.103,0.193
2005-08-23,2304.26,-0.241,0.196
2005-08-24,2302.59,-0.072,0.196
2005-08-25,2305.05,0.107,0.197
2005-08-26,2305.87,0.036,0.196
2005-08-27,2306.71,0.036,0.195
2005-08-30,2305.15,-0.068,0.194
2005-08-31,2304.30,-0.037,0.194
2005-09-01,2302.78,-0.066,0.193
2005-09-02,2298.85,-0.171,0.196
2005-09-03,2295.31,-0.154,0.198
2005-09-07,2286.61,-0.379,0.213
2005-09-08,2279.95,-0.291,0.219
2005-09-09,2289.30,0.41,0.242
2005-09-10,2305.09,0.69,0.286
2005-09-13,2306.71,0.07,0.251
2005-09-14,2295.02,-0.507,0.27
2005-09-15,2290.02,-0.218,0.267
2005-09-16,2299.82,0.428,0.286
2005-09-17,2301.99,0.094,0.283
2005-09-20,2295.57,-0.279,0.288
2005-09-21,2300.58,0.218,0.288
2005-09-22,2291.05,-0.414,0.302
2005-09-23,2292.59,0.067,0.301
2005-09-24,2290.03,-0.112,0.302
2005-09-27,2289.18,-0.037,0.301
2005-09-28,2290.74,0.068,0.302
2005-09-29,2293.29,0.111,0.304
2005-09-30,2289.61,-0.16,0.305
2005-10-01,2288.22,-0.061,0.303
2005-10-04,2289.13,0.04,0.302
2005-10-05,2289.79,0.029,0.29
2005-10-06,2294.12,0.189,0.283
2005-10-07,2302.79,0.378,0.281
2005-10-08,2303.01,0.01,0.234
2005-10-12,2299.94,-0.133,0.235
2005-10-13,2299.47,-0.02,0.205
2005-10-14,2298.99,-0.021,0.198
2005-10-15,2294.75,-0.184,0.178
2005-10-19,2288.69,-0.264,0.185
2005-10-20,2283.96,-0.207,0.18
2005-10-21,2289.15,0.227,0.181
2005-10-22,2288.69,-0.02,0.156
2005-10-25,2285.37,-0.145,0.158
2005-10-26,2284.05,-0.058,0.157
2005-10-27,2288.52,0.196,0.163
2005-10-28,2289.87,0.059,0.163
2005-10-29,2289.57,-0.013,0.161
2005-11-01,2287.51,-0.09,0.158
2005-11-02,2285.83,-0.073,0.159
2005-11-03,2285.24,-0.026,0.158
2005-11-04,2283.78,-0.064,0.158
2005-11-05,2282.76,-0.045,0.151
2005-11-09,2282.67,-0.004,0.118
2005-11-10,2280.94,-0.076,0.118
2005-11-11,2280.19,-0.033,0.116
2005-11-16,2280.43,0.011,0.117
2005-11-17,2278.23,-0.096,0.117
2005-11-18,2277.99,-0.011,0.113
2005-11-19,2277.73,-0.011,0.099
2005-11-22,2276.64,-0.048,0.09
2005-11-23,2278.48,0.081,0.073
2005-11-24,2277.92,-0.025,0.073
2005-11-26,2275.40,-0.111,0.07
2005-11-29,2273.08,-0.102,0.072
2005-11-30,2274.04,0.042,0.053
2005-12-01,2274.71,0.029,0.051
2005-12-02,2272.95,-0.077,0.052
2005-12-03,2274.39,0.063,0.055
2005-12-06,2274.10,-0.013,0.054
2005-12-07,2274.19,0.004,0.054
2005-12-08,2274.06,-0.006,0.053
2005-12-10,2275.09,0.045,0.055
2005-12-13,2275.47,0.017,0.056
2005-12-14,2275.33,-0.006,0.054
2005-12-15,2275.45,0.005,0.054
2005-12-16,2276.70,0.055,0.056
2005-12-17,2277.85,0.051,0.053
2005-12-20,2286.83,0.394,0.103
2005-12-21,2286.46,-0.016,0.103
2005-12-22,2285.61,-0.037,0.103
2005-12-23,2283.47,-0.094,0.104
2005-12-24,2282.36,-0.049,0.105
2005-12-27,2282.36,0.0,0.101
2005-12-28,2283.11,0.033,0.097
2005-12-29,2282.35,-0.033,0.098
2005-12-30,2284.22,0.082,0.099
2006-01-04,2282.27,-0.085,0.1
2006-01-05,2282.13,-0.006,0.099
2006-01-06,2279.99,-0.094,0.102
2006-01-07,2278.40,-0.07,0.104
2006-01-11,2276.58,-0.08,0.106
2006-01-12,2274.73,-0.081,0.107
2006-01-13,2274.59,-0.006,0.107
2006-01-14,2273.31,-0.056,0.107
2006-01-18,2270.88,-0.107,0.11
2006-01-19,2271.55,0.03,0.109
2006-01-20,2269.70,-0.081,0.109
2006-01-21,2269.41,-0.013,0.051
2006-01-24,2262.04,-0.325,0.081
2006-01-25,2262.87,0.037,0.084
2006-01-26,2273.50,0.47,0.142
2006-01-27,2270.85,-0.117,0.144
2006-01-28,2266.66,-0.185,0.148
2006-01-31,2265.65,-0.045,0.147
2006-02-01,2267.63,0.087,0.15
2006-02-02,2267.39,-0.011,0.148
2006-02-03,2266.07,-0.058,0.147
2006-02-04,2265.22,-0.038,0.147
2006-02-07,2259.64,-0.246,0.154
2006-02-08,2256.57,-0.136,0.155
2006-02-09,2259.07,0.111,0.159
2006-02-10,2256.95,-0.094,0.159
2006-02-11,2253.10,-0.171,0.162
2006-02-14,2254.03,0.041,0.163
2006-02-15,2254.98,0.042,0.163
2006-02-16,2253.68,-0.058,0.162
2006-02-17,2254.11,0.019,0.163
2006-02-18,2253.89,-0.01,0.163
2006-02-22,2253.42,-0.021,0.148
2006-02-23,2251.78,-0.073,0.147
2006-02-24,2249.90,-0.083,0.091
2006-02-25,2246.18,-0.165,0.093
2006-02-28,2247.32,0.051,0.091
2006-03-01,2245.71,-0.072,0.091
2006-03-02,2247.48,0.079,0.091
2006-03-03,2251.45,0.177,0.103
2006-03-04,2256.17,0.21,0.116
2006-03-07,2259.12,0.131,0.121
2006-03-08,2258.11,-0.045,0.109
2006-03-09,2254.55,-0.158,0.11
2006-03-10,2257.67,0.138,0.112
2006-03-11,2265.15,0.331,0.132
2006-03-14,2263.46,-0.075,0.127
2006-03-15,2262.41,-0.046,0.127
2006-03-16,2259.53,-0.127,0.131
2006-03-17,2258.01,-0.067,0.132
2006-03-18,2257.01,-0.044,0.132
2006-03-22,2259.19,0.097,0.134
2006-03-23,2263.31,0.182,0.139
2006-03-24,2265.49,0.096,0.138
2006-03-25,2266.95,0.064,0.135
2006-03-28,2268.35,0.062,0.126
2006-03-29,2276.08,0.341,0.142
2006-03-30,2286.73,0.468,0.165
2006-03-31,2289.98,0.142,0.165
2006-04-01,2293.38,0.148,0.164
2006-04-04,2296.18,0.122,0.162
2006-04-05,2288.67,-0.327,0.186
2006-04-06,2294.99,0.276,0.19
2006-04-07,2313.05,0.787,0.239
2006-04-08,2342.35,1.267,0.349
2006-04-11,2352.58,0.437,0.352
2006-04-12,2336.26,-0.694,0.401
2006-04-13,2335.16,-0.047,0.401
2006-04-18,2366.15,1.327,0.472
2006-04-19,2349.03,-0.724,0.514
2006-04-20,2344.73,-0.183,0.519
2006-04-21,2336.10,-0.368,0.533
2006-04-22,2337.42,0.057,0.534
2006-04-25,2332.99,-0.19,0.54
2006-04-26,2348.49,0.664,0.551
2006-04-27,2373.94,1.084,0.586
2006-04-28,2375.66,0.072,0.587
2006-04-29,2375.03,-0.027,0.586
2006-05-03,2380.31,0.222,0.586
2006-05-04,2377.59,-0.114,0.59
2006-05-05,2381.36,0.159,0.59
2006-05-06,2370.63,-0.451,0.596
2006-05-09,2351.06,-0.826,0.636
2006-05-10,2338.76,-0.523,0.631
2006-05-11,2329.35,-0.402,0.57
2006-05-12,2346.06,0.717,0.586
2006-05-13,2375.86,1.27,0.628
2006-05-16,2424.27,2.038,0.764
2006-05-17,2410.96,-0.549,0.731
2006-05-18,2435.52,1.019,0.732
2006-05-19,2450.63,0.62,0.733
2006-05-20,2452.50,0.076,0.721
2006-05-23,2493.98,1.691,0.788
2006-05-24,2490.06,-0.157,0.787
2006-05-25,2518.34,1.136,0.804
2006-05-26,2517.44,-0.036,0.789
2006-05-27,2475.75,-1.656,0.902
2006-05-31,2482.41,0.269,0.9
2006-06-01,2486.07,0.147,0.9
2006-06-02,2484.62,-0.058,0.899
2006-06-03,2450.80,-1.361,0.967
2006-06-06,2443.72,-0.289,0.962
2006-06-07,2470.99,1.116,0.956
2006-06-08,2482.15,0.452,0.939
2006-06-09,2511.34,1.176,0.943
2006-06-10,2510.82,-0.021,0.943
2006-06-13,2534.83,0.956,0.93
2006-06-14,2569.10,1.352,0.874
2006-06-15,2570.11,0.039,0.854
2006-06-16,2564.30,-0.226,0.846
2006-06-17,2559.04,-0.205,0.848
2006-06-21,2568.12,0.355,0.848
2006-06-22,2566.76,-0.053,0.777
2006-06-23,2578.02,0.439,0.776
2006-06-24,2607.13,1.129,0.775
2006-06-28,2619.75,0.484,0.777
2006-06-29,2634.06,0.546,0.644
2006-06-30,2633.12,-0.036,0.649
2006-07-01,2579.08,-2.052,0.835
2006-07-06,2574.74,-0.168,0.837
2006-07-07,2562.85,-0.462,0.772
2006-07-08,2525.50,-1.457,0.853
2006-07-11,2491.45,-1.348,0.886
2006-07-12,2488.33,-0.125,0.881
2006-07-13,2512.40,0.967,0.868
2006-07-14,2534.13,0.865,0.889
2006-07-15,2549.77,0.617,0.874
2006-07-18,2556.72,0.273,0.82
2006-07-19,2531.85,-0.973,0.847
2006-07-20,2521.18,-0.421,0.85
2006-07-22,2470.32,-2.017,0.954
2006-07-25,2450.79,-0.791,0.955
2006-07-26,2458.56,0.317,0.962
2006-07-27,2466.95,0.341,0.959
2006-07-28,2443.35,-0.957,0.917
2006-07-29,2426.00,-0.71,0.901
2006-08-01,2426.52,0.021,0.88
2006-08-02,2436.43,0.408,0.895
2006-08-03,2429.24,-0.295,0.805
2006-08-04,2415.51,-0.565,0.806
2006-08-05,2389.87,-1.061,0.823
2006-08-09,2388.13,-0.073,0.782
2006-08-10,2363.82,-1.018,0.761
2006-08-11,2363.56,-0.011,0.762
2006-08-12,2371.77,0.347,0.722
2006-08-15,2372.95,0.05,0.675
2006-08-16,2362.28,-0.45,0.637
2006-08-17,2356.49,-0.245,0.62
2006-08-18,2366.36,0.419,0.631
2006-08-19,2370.49,0.175,0.641
2006-08-23,2362.67,-0.33,0.499
2006-08-24,2374.59,0.505,0.505
2006-08-25,2398.00,0.986,0.557
2006-08-26,2425.65,1.153,0.619
2006-08-29,2409.54,-0.664,0.6
2006-08-30,2402.07,-0.31,0.584
2006-08-31,2396.63,-0.226,0.586
2006-09-01,2398.56,0.081,0.576
2006-09-02,2398.83,0.011,0.574
2006-09-06,2377.18,-0.903,0.594
2006-09-07,2381.46,0.18,0.549
2006-09-08,2387.31,0.246,0.552
2006-09-09,2388.54,0.052,0.498
2006-09-12,2409.93,0.896,0.532
2006-09-13,2406.89,-0.126,0.53
2006-09-14,2399.92,-0.29,0.537
2006-09-15,2392.81,-0.296,0.53
2006-09-16,2390.66,-0.09,0.526
2006-09-19,2395.43,0.2,0.521
2006-09-20,2396.41,0.041,0.52
2006-09-21,2399.46,0.127,0.513
2006-09-22,2408.62,0.382,0.508
2006-09-23,2417.23,0.357,0.466
2006-09-26,2420.25,0.125,0.387
2006-09-27,2411.68,-0.354,0.365
2006-09-28,2399.36,-0.511,0.377
2006-09-29,2397.07,-0.095,0.374
2006-09-30,2394.31,-0.115,0.374
2006-10-03,2390.41,-0.163,0.376
2006-10-04,2396.38,0.25,0.317
2006-10-05,2403.43,0.294,0.32
2006-10-06,2393.47,-0.414,0.332
2006-10-07,2395.23,0.074,0.333
2006-10-11,2387.11,-0.339,0.269
2006-10-12,2389.07,0.082,0.27
2006-10-13,2374.51,-0.609,0.294
2006-10-14,2356.53,-0.757,0.33
2006-10-18,2359.41,0.122,0.333
2006-10-19,2348.43,-0.465,0.338
2006-10-20,2345.49,-0.125,0.337
2006-10-21,2340.89,-0.196,0.332
2006-10-24,2341.51,0.026,0.313
2006-10-25,2341.33,-0.008,0.292
2006-10-26,2339.92,-0.06,0.286
2006-10-27,2327.23,-0.542,0.295
2006-10-28,2314.76,-0.536,0.297
2006-10-31,2315.38,0.027,0.3
2006-11-01,2308.49,-0.298,0.301
2006-11-02,2302.64,-0.253,0.301
2006-11-03,2296.65,-0.26,0.283
2006-11-04,2300.88,0.184,0.274
2006-11-08,2288.13,-0.554,0.281
2006-11-09,2282.52,-0.245,0.272
2006-11-10,2268.47,-0.616,0.284
2006-11-11,2277.66,0.405,0.312
2006-11-15,2277.21,-0.02,0.303
2006-11-16,2274.26,-0.13,0.274
2006-11-17,2276.37,0.093,0.272
2006-11-18,2285.65,0.408,0.293
2006-11-21,2283.99,-0.073,0.293
2006-11-22,2282.67,-0.058,0.294
2006-11-23,2283.33,0.029,0.294
2006-11-25,2298.52,0.665,0.342
2006-11-28,2320.64,0.962,0.416
2006-11-29,2317.35,-0.142,0.4
2006-11-30,2300.42,-0.731,0.415
2006-12-01,2295.99,-0.193,0.416
2006-12-02,2293.42,-0.112,0.412
2006-12-05,2292.63,-0.034,0.409
2006-12-06,2278.97,-0.596,0.426
2006-12-07,2279.82,0.037,0.423
2006-12-08,2280.50,0.03,0.406
2006-12-12,2272.09,-0.369,0.41
2006-12-13,2272.27,0.008,0.386
2006-12-14,2272.75,0.021,0.375
2006-12-15,2270.18,-0.113,0.375
2006-12-16,2262.15,-0.354,0.382
2006-12-19,2255.38,-0.299,0.386
2006-12-20,2249.28,-0.27,0.374
2006-12-21,2234.36,-0.663,0.396
2006-12-22,2229.28,-0.227,0.396
2006-12-23,2228.76,-0.023,0.395
2006-12-27,2225.44,-0.149,0.35
2006-12-28,2233.31,0.354,0.262
2006-12-29,2238.79,0.245,0.28
2007-01-03,2231.42,-0.329,0.25
2007-01-04,2218.11,-0.596,0.269
2007-01-05,2218.05,-0.003,0.272
2007-01-06,2228.38,0.466,0.306
2007-01-10,2238.52,0.455,0.314
2007-01-11,2250.60,0.54,0.343
2007-01-12,2231.48,-0.85,0.384
2007-01-13,2221.35,-0.454,0.388
2007-01-17,2221.96,0.027,0.388
2007-01-18,2224.22,0.102,0.39
2007-01-19,2226.06,0.083,0.392
2007-01-20,2229.29,0.145,0.391
2007-01-23,2240.32,0.495,0.407
2007-01-24,2250.38,0.449,0.416
2007-01-25,2254.67,0.191,0.387
2007-01-26,2252.88,-0.079,0.383
2007-01-27,2259.43,0.291,0.386
2007-01-30,2261.22,0.079,0.383
2007-01-31,2259.72,-0.066,0.378
2007-02-01,2255.17,-0.201,0.38
2007-02-02,2246.06,-0.404,0.384
2007-02-03,2241.53,-0.202,0.359
2007-02-06,2229.30,-0.546,0.384
2007-02-07,2232.37,0.138,0.371
2007-02-08,2235.30,0.131,0.357
2007-02-09,2239.20,0.174,0.336
2007-02-10,2229.87,-0.417,0.291
2007-02-13,2230.40,0.024,0.271
2007-02-14,2223.30,-0.318,0.282
2007-02-15,2221.43,-0.084,0.281
2007-02-16,2219.15,-0.103,0.281
2007-02-17,2221.70,0.115,0.28
2007-02-21,2220.76,-0.042,0.253
2007-02-22,2218.78,-0.089,0.225
2007-02-23,2214.44,-0.196,0.218
2007-02-24,2216.57,0.096,0.222
2007-02-27,2211.46,-0.231,0.206
2007-02-28,2224.12,0.572,0.254
2007-03-01,2231.94,0.352,0.272
2007-03-02,2246.88,0.669,0.314
2007-03-03,2242.62,-0.19,0.304
2007-03-06,2245.71,0.138,0.302
2007-03-07,2222.45,-1.036,0.363
2007-03-08,2218.94,-0.158,0.363
2007-03-09,2214.05,-0.22,0.363
2007-03-10,2210.98,-0.139,0.36
2007-03-13,2205.77,-0.236,0.352
2007-03-14,2206.38,0.028,0.353
2007-03-15,2210.12,0.17,0.35
2007-03-16,2197.76,-0.559,0.37
2007-03-17,2204.05,0.286,0.377
2007-03-21,2186.21,-0.809,0.413
2007-03-22,2172.60,-0.623,0.43
2007-03-23,2168.95,-0.168,0.43
2007-03-24,2174.72,0.266,0.438
2007-03-27,2172.14,-0.119,0.436
2007-03-28,2172.09,-0.002,0.435
2007-03-29,2169.67,-0.111,0.406
2007-03-30,2155.06,-0.673,0.408
2007-03-31,2190.30,1.635,0.547
2007-04-03,2189.18,-0.051,0.547
2007-04-04,2171.47,-0.809,0.564
2007-04-05,2166.93,-0.209,0.526
2007-04-10,2164.55,-0.11,0.526
2007-04-11,2157.82,-0.311,0.527
2007-04-12,2154.61,-0.149,0.527
2007-04-13,2152.65,-0.091,0.527
2007-04-14,2138.74,-0.646,0.538
2007-04-17,2136.82,-0.09,0.533
2007-04-18,2141.35,0.212,0.531
2007-04-19,2148.46,0.332,0.533
2007-04-20,2143.31,-0.24,0.509
2007-04-21,2121.42,-1.021,0.538
2007-04-24,2115.56,-0.276,0.539
2007-04-25,2119.37,0.18,0.536
2007-04-26,2112.61,-0.319,0.538
2007-04-27,2111.52,-0.052,0.537
2007-04-28,2110.67,-0.04,0.538
2007-05-01,2104.16,-0.308,0.524
2007-05-03,2085.18,-0.902,0.359
2007-05-04,2077.12,-0.387,0.357
2007-05-05,2069.01,-0.39,0.335
2007-05-08,2081.24,0.591,0.383
2007-05-09,2074.03,-0.346,0.384
2007-05-10,2045.51,-1.375,0.464
2007-05-11,2041.39,-0.201,0.463
2007-05-12,2029.20,-0.597,0.467
2007-05-15,2002.04,-1.338,0.517
2007-05-16,1995.17,-0.343,0.514
2007-05-17,1988.01,-0.359,0.497
2007-05-18,1990.43,0.122,0.484
2007-05-19,1985.33,-0.256,0.483
2007-05-23,1957.54,-1.4,0.516
2007-05-24,1963.56,0.308,0.54
2007-05-25,1962.59,-0.049,0.53
2007-05-26,1934.55,-1.429,0.578
2007-05-30,1914.96,-1.013,0.585
2007-05-31,1930.64,0.819,0.647
2007-06-01,1900.09,-1.582,0.694
2007-06-02,1885.80,-0.752,0.691
2007-06-05,1882.06,-0.198,0.693
2007-06-06,1877.88,-0.222,0.696
2007-06-07,1886.92,0.481,0.687
2007-06-08,1900.68,0.729,0.739
2007-06-09,1924.54,1.255,0.794
2007-06-13,1931.36,0.354,0.808
2007-06-14,1947.37,0.829,0.84
2007-06-15,1945.09,-0.117,0.796
2007-06-16,1920.25,-1.277,0.835
2007-06-20,1896.07,-1.259,0.868
2007-06-21,1905.13,0.478,0.88
2007-06-22,1938.17,1.734,0.981
2007-06-23,1944.01,0.301,0.937
2007-06-26,1960.32,0.839,0.955
2007-06-27,1965.31,0.255,0.956
2007-06-28,1982.29,0.864,0.911
2007-06-29,1958.09,-1.221,0.926
2007-06-30,1960.61,0.129,0.911
2007-07-04,1958.95,-0.085,0.824
2007-07-06,1969.36,0.531,0.799
2007-07-07,1962.55,-0.346,0.804
2007-07-10,1945.94,-0.846,0.833
2007-07-11,1960.31,0.738,0.84
2007-07-12,1964.82,0.23,0.831
2007-07-13,1954.48,-0.526,0.803
2007-07-14,1956.05,0.08,0.801
2007-07-17,1942.43,-0.696,0.797
2007-07-18,1931.04,-0.586,0.807
2007-07-19,1928.59,-0.127,0.753
2007-07-20,1921.04,-0.391,0.698
2007-07-24,1912.90,-0.424,0.699
2007-07-25,1916.23,0.174,0.574
2007-07-26,1935.68,1.015,0.618
2007-07-27,1981.58,2.371,0.799
2007-07-28,1984.10,0.127,0.798
2007-07-31,1971.80,-0.62,0.787
2007-08-01,1958.50,-0.675,0.752
2007-08-02,1971.20,0.648,0.765
2007-08-03,1957.68,-0.686,0.782
2007-08-04,1963.69,0.307,0.775
2007-08-07,1976.89,0.672,0.785
2007-08-09,1957.58,-0.977,0.794
2007-08-10,1981.90,1.242,0.825
2007-08-11,2006.79,1.256,0.867
2007-08-14,1997.38,-0.469,0.865
2007-08-15,2016.30,0.947,0.884
2007-08-16,2048.44,1.594,0.916
2007-08-17,2124.40,3.708,1.172
2007-08-18,2113.54,-0.511,1.186
2007-08-22,2154.94,1.959,1.213
2007-08-23,2133.04,-1.016,1.245
2007-08-24,2138.13,0.239,1.244
2007-08-25,2128.17,-0.466,1.26
2007-08-28,2114.15,-0.659,1.201
2007-08-29,2147.34,1.57,1.231
2007-08-30,2160.65,0.62,1.208
2007-08-31,2173.17,0.579,1.178
2007-09-01,2160.99,-0.56,1.202
2007-09-05,2161.56,0.026,1.177
2007-09-06,2174.56,0.601,1.176
2007-09-07,2166.60,-0.366,1.192
2007-09-08,2191.00,1.126,1.15
2007-09-11,2194.65,0.167,1.142
2007-09-12,2185.89,-0.399,1.145
2007-09-13,2182.22,-0.168,1.135
2007-09-14,2157.75,-1.121,1.18
2007-09-15,2128.50,-1.356,1.2
2007-09-18,2130.66,0.101,0.871
2007-09-19,2124.36,-0.296,0.865
2007-09-20,2055.28,-3.252,1.024
2007-09-21,2042.63,-0.615,1.011
2007-09-22,2026.33,-0.798,1.014
2007-09-25,2028.95,0.129,1.016
2007-09-26,2045.51,0.816,1.037
2007-09-27,2009.46,-1.762,1.012
2007-09-28,2013.18,0.185,0.995
2007-09-29,2023.19,0.497,0.991
2007-10-02,2015.75,-0.368,0.99
2007-10-03,2013.39,-0.117,0.988
2007-10-04,2017.69,0.214,0.972
2007-10-05,2018.45,0.038,0.976
2007-10-06,1999.95,-0.917,0.919
2007-10-10,1968.13,-1.591,0.94
2007-10-11,1972.81,0.238,0.956
2007-10-12,1963.03,-0.496,0.953
2007-10-13,1978.97,0.812,0.986
2007-10-17,2004.58,1.294,1.032
2007-10-18,1994.06,-0.525,1.029
2007-10-19,2018.55,1.228,1.086
2007-10-20,2007.24,-0.56,0.831
2007-10-23,2022.76,0.773,0.845
2007-10-24,2006.67,-0.795,0.845
2007-10-25,2025.70,0.948,0.873
2007-10-26,2020.29,-0.267,0.853
2007-10-27,2005.28,-0.743,0.772
2007-10-30,1995.94,-0.466,0.778
2007-10-31,1999.44,0.175,0.769
2007-11-01,1987.69,-0.588,0.775
2007-11-02,2008.11,1.027,0.813
2007-11-03,2014.12,0.299,0.814
2007-11-07,2012.89,-0.061,0.814
2007-11-08,2023.99,0.551,0.794
2007-11-09,2033.94,0.492,0.697
2007-11-10,2045.59,0.573,0.702
2007-11-14,2051.88,0.307,0.684
2007-11-15,2032.04,-0.967,0.718
2007-11-16,2044.70,0.623,0.676
2007-11-17,2040.35,-0.213,0.664
2007-11-20,2054.30,0.684,0.626
2007-11-21,2056.28,0.096,0.607
2007-11-22,2074.60,0.891,0.615
2007-11-24,2088.24,0.657,0.585
2007-11-27,2089.11,0.042,0.558
2007-11-28,2094.74,0.269,0.55
2007-11-29,2066.81,-1.333,0.614
2007-11-30,2060.42,-0.309,0.607
2007-12-01,2043.11,-0.84,0.647
2007-12-04,2052.18,0.444,0.629
2007-12-05,2057.40,0.254,0.596
2007-12-06,2036.60,-1.011,0.645
2007-12-07,2023.18,-0.659,0.665
2007-12-08,2016.77,-0.317,0.657
2007-12-11,2009.83,-0.344,0.65
2007-12-12,2005.82,-0.2,0.633
2007-12-13,2003.90,-0.096,0.626
2007-12-14,2017.36,0.672,0.616
2007-12-15,2009.85,-0.372,0.6
2007-12-18,2006.48,-0.168,0.599
2007-12-19,2007.98,0.075,0.573
2007-12-20,2005.92,-0.103,0.571
2007-12-21,2000.58,-0.266,0.519
2007-12-22,1993.08,-0.375,0.482
2007-12-25,1989.70,-0.17,0.478
2007-12-27,1987.81,-0.095,0.464
2007-12-28,2001.72,0.7,0.439
2007-12-29,2014.76,0.651,0.473
2008-01-03,2012.82,-0.096,0.44
2008-01-04,2013.27,0.022,0.424
2008-01-05,2013.98,0.035,0.417
2008-01-09,2000.91,-0.649,0.382
2008-01-10,2004.70,0.189,0.362
2008-01-11,2003.74,-0.048,0.356
2008-01-12,1985.35,-0.918,0.403
2008-01-15,1949.43,-1.809,0.562
2008-01-16,1948.91,-0.027,0.562
2008-01-17,1960.49,0.594,0.557
2008-01-18,1947.60,-0.657,0.566
2008-01-19,1968.13,1.054,0.628
2008-01-23,2007.41,1.996,0.783
2008-01-24,2005.08,-0.116,0.783
2008-01-25,1970.65,-1.717,0.871
2008-01-26,1961.30,-0.474,0.873
2008-01-29,1969.65,0.426,0.88
2008-01-30,1946.54,-1.173,0.915
2008-01-31,1939.60,-0.357,0.897
2008-02-01,1939.77,0.009,0.878
2008-02-02,1921.94,-0.919,0.893
2008-02-05,1917.26,-0.244,0.891
2008-02-06,1928.30,0.576,0.908
2008-02-07,1929.70,0.073,0.904
2008-02-08,1935.49,0.3,0.906
2008-02-09,1923.08,-0.641,0.912
2008-02-12,1912.80,-0.535,0.9
2008-02-13,1901.38,-0.597,0.822
2008-02-14,1898.40,-0.157,0.822
2008-02-15,1894.87,-0.186,0.804
2008-02-16,1905.37,0.554,0.811
2008-02-20,1890.74,-0.768,0.775
2008-02-21,1910.81,1.061,0.655
2008-02-22,1895.85,-0.783,0.665
2008-02-23,1892.00,-0.203,0.572
2008-02-26,1887.97,-0.213,0.568
2008-02-27,1879.19,-0.465,0.552
2008-02-28,1854.87,-1.294,0.564
2008-02-29,1843.59,-0.608,0.569
2008-03-01,1845.17,0.086,0.571
2008-03-04,1849.46,0.232,0.558
2008-03-05,1841.61,-0.424,0.56
2008-03-06,1856.69,0.819,0.58
2008-03-07,1880.12,1.262,0.663
2008-03-08,1902.17,1.173,0.719
2008-03-11,1864.78,-1.966,0.826
2008-03-12,1865.98,0.064,0.823
2008-03-13,1853.41,-0.674,0.825
2008-03-14,1856.01,0.14,0.827
2008-03-15,1843.95,-0.65,0.836
2008-03-18,1857.55,0.738,0.845
2008-03-19,1823.11,-1.854,0.92
2008-03-20,1815.65,-0.409,0.873
2008-03-26,1835.01,1.066,0.911
2008-03-27,1821.31,-0.747,0.921
2008-03-28,1810.68,-0.584,0.925
2008-03-29,1821.60,0.603,0.94
2008-04-01,1834.96,0.733,0.919
2008-04-02,1827.94,-0.383,0.913
2008-04-03,1826.34,-0.088,0.913
2008-04-04,1824.39,-0.107,0.91
2008-04-05,1816.28,-0.445,0.911
2008-04-08,1811.23,-0.278,0.888
2008-04-09,1812.85,0.089,0.828
2008-04-10,1799.07,-0.76,0.773
2008-04-11,1791.63,-0.414,0.665
2008-04-12,1792.49,0.048,0.665
2008-04-15,1792.69,0.011,0.656
2008-04-16,1797.89,0.29,0.661
2008-04-17,1798.89,0.056,0.652
2008-04-18,1792.87,-0.335,0.621
2008-04-19,1785.17,-0.429,0.485
2008-04-22,1780.79,-0.245,0.481
2008-04-23,1775.08,-0.321,0.397
2008-04-24,1765.30,-0.551,0.385
2008-04-25,1765.75,0.025,0.373
2008-04-26,1775.22,0.536,0.366
2008-04-29,1767.73,-0.422,0.31
2008-04-30,1780.21,0.706,0.364
2008-05-01,1767.27,-0.727,0.388
2008-05-03,1756.25,-0.624,0.401
2008-05-07,1769.32,0.744,0.446
2008-05-08,1787.62,1.034,0.515
2008-05-09,1793.13,0.308,0.52
2008-05-10,1781.79,-0.632,0.512
2008-05-13,1781.29,-0.028,0.505
2008-05-14,1780.01,-0.072,0.504
2008-05-15,1787.65,0.429,0.515
2008-05-16,1792.94,0.296,0.515
2008-05-17,1785.04,-0.441,0.524
2008-05-20,1779.35,-0.319,0.523
2008-05-21,1787.59,0.463,0.526
2008-05-22,1779.48,-0.454,0.533
2008-05-23,1779.59,0.006,0.528
2008-05-24,1777.98,-0.09,0.512
2008-05-28,1772.55,-0.305,0.517
2008-05-29,1767.41,-0.29,0.507
2008-05-30,1755.95,-0.648,0.519
2008-05-31,1744.01,-0.68,0.507
2008-06-04,1730.61,-0.768,0.51
2008-06-05,1728.76,-0.107,0.495
2008-06-06,1709.95,-1.088,0.505
2008-06-07,1702.44,-0.439,0.42
2008-06-10,1687.13,-0.899,0.424
2008-06-11,1696.79,0.573,0.459
2008-06-12,1700.94,0.245,0.469
2008-06-13,1705.35,0.259,0.481
2008-06-14,1707.87,0.148,0.465
2008-06-17,1684.52,-1.367,0.513
2008-06-18,1655.42,-1.727,0.603
2008-06-19,1652.41,-0.182,0.604
2008-06-20,1670.31,1.083,0.662
2008-06-21,1678.82,0.509,0.688
2008-06-24,1713.63,2.073,0.867
2008-06-25,1748.04,2.008,0.996
2008-06-26,1783.44,2.025,1.099
2008-06-27,1832.81,2.768,1.253
2008-06-28,1923.02,4.922,1.622
2008-07-02,1915.44,-0.394,1.613
2008-07-03,1818.60,-5.056,2.021
2008-07-04,1748.43,-3.858,2.222
2008-07-08,1719.48,-1.656,2.241
2008-07-09,1736.49,0.989,2.247
2008-07-10,1728.74,-0.446,2.239
2008-07-11,1768.09,2.276,2.288
2008-07-12,1778.80,0.606,2.289
2008-07-15,1753.51,-1.422,2.319
2008-07-16,1777.17,1.349,2.334
2008-07-17,1768.53,-0.486,2.311
2008-07-18,1757.79,-0.607,2.273
2008-07-19,1788.24,1.732,2.291
2008-07-22,1802.01,0.77,2.287
2008-07-23,1797.43,-0.254,2.292
2008-07-24,1772.25,-1.401,2.287
2008-07-25,1777.10,0.274,2.248
2008-07-26,1785.17,0.454,2.204
2008-07-29,1764.48,-1.159,2.12
2008-07-30,1789.68,1.428,1.798
2008-07-31,1792.24,0.143,1.802
2008-08-01,1800.54,0.463,1.42
2008-08-02,1779.97,-1.142,1.137
2008-08-05,1771.31,-0.487,1.07
2008-08-06,1772.16,0.048,1.052
2008-08-07,1782.92,0.607,1.049
2008-08-09,1816.25,1.869,1.009
2008-08-12,1821.76,0.303,1.004
2008-08-13,1836.25,0.795,0.945
2008-08-14,1854.16,0.975,0.925
2008-08-15,1853.45,-0.038,0.913
2008-08-16,1882.11,1.546,0.935
2008-08-20,1891.99,0.525,0.878
2008-08-21,1880.69,-0.597,0.891
2008-08-22,1864.26,-0.874,0.919
2008-08-23,1872.07,0.419,0.84
2008-08-26,1873.94,0.1,0.841
2008-08-27,1892.06,0.967,0.855
2008-08-28,1887.71,-0.23,0.794
2008-08-29,1907.97,1.073,0.773
2008-08-30,1932.20,1.27,0.799
2008-09-03,1975.10,2.22,0.899
2008-09-04,1992.59,0.886,0.819
2008-09-05,2017.53,1.252,0.793
2008-09-06,2041.81,1.203,0.788
2008-09-09,2031.12,-0.524,0.836
2008-09-10,2071.24,1.975,0.844
2008-09-11,2081.32,0.487,0.841
2008-09-12,2082.46,0.055,0.851
2008-09-13,2051.55,-1.484,0.969
2008-09-16,2071.29,0.962,0.965
2008-09-17,2109.37,1.838,0.983
2008-09-18,2139.14,1.411,1.0
2008-09-19,2187.01,2.238,1.019
2008-09-20,2067.45,-5.467,1.698
2008-09-23,2045.85,-1.045,1.735
2008-09-24,2077.59,1.551,1.749
2008-09-25,2147.41,3.361,1.859
2008-09-26,2118.31,-1.355,1.903
2008-09-27,2105.61,-0.6,1.918
2008-09-30,2174.62,3.277,2.01
2008-10-01,2184.76,0.466,1.974
2008-10-02,2166.05,-0.856,1.996
2008-10-03,2192.69,1.23,1.995
2008-10-04,2160.08,-1.487,2.031
2008-10-07,2250.73,4.197,2.198
2008-10-08,2261.96,0.499,2.172
2008-10-09,2326.41,2.849,2.236
2008-10-10,2254.24,-3.102,2.382
2008-10-11,2318.63,2.856,2.397
2008-10-15,2223.94,-4.084,2.617
2008-10-16,2316.54,4.164,2.733
2008-10-17,2304.68,-0.512,2.734
2008-10-18,2271.98,-1.419,2.727
2008-10-21,2243.49,-1.254,2.408
2008-10-22,2296.32,2.355,2.418
2008-10-23,2346.47,2.184,2.435
2008-10-24,2361.01,0.62,2.35
2008-10-25,2386.48,1.079,2.311
2008-10-28,2379.24,-0.303,2.304
2008-10-29,2382.31,0.129,2.22
2008-10-30,2374.10,-0.345,2.228
2008-10-31,2359.52,-0.614,2.221
2008-11-01,2392.28,1.388,2.224
2008-11-05,2351.56,-1.702,2.235
2008-11-06,2327.78,-1.011,2.073
2008-11-07,2342.65,0.639,2.074
2008-11-08,2317.34,-1.08,1.994
2008-11-11,2281.24,-1.558,1.895
2008-11-13,2335.02,2.357,1.859
2008-11-14,2329.82,-0.223,1.588
2008-11-15,2308.65,-0.909,1.31
2008-11-19,2329.90,0.92,1.32
2008-11-20,2342.18,0.527,1.276
2008-11-21,2359.26,0.729,1.237
2008-11-22,2355.71,-0.15,1.136
2008-11-25,2314.72,-1.74,1.102
2008-11-26,2307.37,-0.318,1.091
2008-11-27,2324.10,0.725,1.074
2008-11-29,2318.00,-0.262,1.073
2008-12-02,2320.12,0.091,1.073
2008-12-03,2315.35,-0.206,1.072
2008-12-04,2317.48,0.092,1.066
2008-12-05,2323.28,0.25,1.013
2008-12-06,2333.54,0.442,0.95
2008-12-10,2311.70,-0.936,0.946
2008-12-11,2302.93,-0.379,0.936
2008-12-12,2278.29,-1.07,0.935
2008-12-13,2273.24,-0.222,0.869
2008-12-16,2254.50,-0.824,0.684
2008-12-17,2223.30,-1.384,0.736
2008-12-18,2173.86,-2.224,0.849
2008-12-19,2163.14,-0.493,0.8
2008-12-20,2167.35,0.195,0.784
2008-12-23,2169.83,0.114,0.749
2008-12-24,2180.49,0.491,0.775
2008-12-25,2198.09,0.807,0.749
2008-12-27,2204.95,0.312,0.759
2008-12-30,2234.00,1.317,0.808
2008-12-31,2243.59,0.429,0.82
2009-01-03,2234.81,-0.391,0.819
2009-01-06,2227.24,-0.339,0.82
2009-01-07,2197.72,-1.325,0.854
2009-01-08,2214.13,0.747,0.877
2009-01-09,2220.82,0.302,0.872
2009-01-10,2216.23,-0.207,0.857
2009-01-14,2226.87,0.48,0.869
2009-01-15,2234.40,0.338,0.848
2009-01-16,2249.64,0.682,0.865
2009-01-17,2227.68,-0.976,0.873
2009-01-21,2245.28,0.79,0.833
2009-01-22,2245.97,0.031,0.639
2009-01-23,2247.87,0.085,0.621
2009-01-24,2280.77,1.464,0.682
2009-01-27,2280.43,-0.015,0.685
2009-01-28,2310.83,1.333,0.725
2009-01-29,2341.09,1.309,0.752
2009-01-30,2386.58,1.943,0.835
2009-01-31,2420.26,1.411,0.841
2009-02-03,2450.78,1.261,0.862
2009-02-04,2443.67,-0.29,0.857
2009-02-05,2469.02,1.037,0.846
2009-02-06,2472.65,0.147,0.733
2009-02-07,2449.49,-0.937,0.807
2009-02-10,2450.60,0.045,0.813
2009-02-11,2494.07,1.774,0.843
2009-02-12,2537.82,1.754,0.881
2009-02-13,2520.06,-0.7,0.93
2009-02-14,2509.50,-0.419,0.958
2009-02-18,2554.40,1.789,0.924
2009-02-19,2558.14,0.146,0.932
2009-02-20,2547.40,-0.42,0.953
2009-02-21,2588.31,1.606,0.967
2009-02-24,2572.30,-0.619,0.994
2009-02-25,2596.37,0.936,0.985
2009-02-26,2575.50,-0.804,1.023
2009-02-27,2555.05,-0.794,1.049
2009-02-28,2555.89,0.033,0.99
2009-03-03,2590.97,1.373,0.988
2009-03-04,2588.96,-0.078,0.968
2009-03-05,2589.48,0.02,0.961
2009-03-06,2572.92,-0.64,0.966
2009-03-07,2548.57,-0.946,1.0
2009-03-10,2559.36,0.423,0.967
2009-03-11,2525.06,-1.34,1.028
2009-03-12,2506.73,-0.726,0.972
2009-03-13,2481.26,-1.016,0.908
2009-03-14,2445.30,-1.449,0.948
2009-03-17,2390.96,-2.222,1.055
2009-03-18,2390.98,0.001,0.945
2009-03-19,2383.15,-0.327,0.938
2009-03-20,2335.29,-2.008,1.009
2009-03-21,2340.83,0.237,0.905
2009-03-25,2353.21,0.529,0.933
2009-03-26,2379.94,1.136,0.949
2009-03-27,2435.81,2.348,1.128
2009-03-28,2485.56,2.042,1.233
2009-03-31,2561.21,3.044,1.423
2009-04-01,2544.24,-0.663,1.394
2009-04-02,2534.99,-0.364,1.395
2009-04-03,2451.72,-3.285,1.566
2009-04-04,2422.71,-1.183,1.577
2009-04-07,2408.42,-0.59,1.572
2009-04-08,2416.63,0.341,1.57
2009-04-09,2388.11,-1.18,1.564
2009-04-14,2392.22,0.172,1.564
2009-04-15,2394.27,0.086,1.553
2009-04-16,2380.69,-0.567,1.527
2009-04-17,2344.98,-1.5,1.483
2009-04-18,2343.34,-0.07,1.483
2009-04-21,2376.38,1.41,1.519
2009-04-22,2338.60,-1.59,1.492
2009-04-23,2318.83,-0.845,1.504
2009-04-24,2300.74,-0.78,1.506
2009-04-25,2283.20,-0.762,1.484
2009-04-28,2325.02,1.832,1.441
2009-04-29,2332.47,0.32,1.347
2009-04-30,2289.73,-1.832,1.132
2009-05-01,2288.64,-0.048,1.138
2009-05-05,2272.55,-0.703,1.138
2009-05-06,2256.99,-0.685,0.938
2009-05-07,2233.50,-1.041,0.933
2009-05-08,2208.98,-1.098,0.945
2009-05-09,2210.35,0.062,0.935
2009-05-12,2220.92,0.478,0.94
2009-05-13,2221.40,0.022,0.936
2009-05-14,2257.36,1.619,1.032
2009-05-15,2251.53,-0.258,1.03
2009-05-16,2252.80,0.056,0.991
2009-05-19,2255.22,0.107,0.993
2009-05-20,2221.27,-1.505,0.959
2009-05-21,2196.21,-1.128,0.933
2009-05-22,2206.60,0.473,0.939
2009-05-23,2201.44,-0.234,0.931
2009-05-27,2213.89,0.566,0.937
2009-05-28,2208.89,-0.226,0.813
2009-05-29,2190.45,-0.835,0.811
2009-05-30,2140.66,-2.273,0.859
2009-06-02,2109.42,-1.459,0.892
2009-06-03,2077.02,-1.536,0.926
2009-06-04,2073.55,-0.167,0.926
2009-06-05,2072.00,-0.075,0.917
2009-06-06,2063.10,-0.43,0.901
2009-06-09,2091.10,1.357,0.975
2009-06-10,2060.18,-1.479,0.993
2009-06-11,2042.19,-0.873,0.995
2009-06-12,2026.17,-0.784,0.874
2009-06-13,2015.40,-0.532,0.872
2009-06-17,2014.91,-0.024,0.869
2009-06-18,2071.29,2.798,1.142
2009-06-19,2074.72,0.166,1.119
2009-06-20,2108.20,1.614,1.183
2009-06-24,2165.00,2.694,1.343
2009-06-25,2158.72,-0.29,1.343
2009-06-26,2188.50,1.38,1.376
2009-06-27,2158.67,-1.363,1.407
2009-07-01,2145.21,-0.624,1.402
2009-07-02,2111.71,-1.562,1.352
2009-07-03,2096.23,-0.733,1.322
2009-07-04,2086.36,-0.471,1.278
2009-07-07,2109.08,1.089,1.299
2009-07-08,2090.35,-0.888,1.317
2009-07-09,2108.20,0.854,1.323
2009-07-10,2105.36,-0.135,1.291
2009-07-11,2116.99,0.552,1.245
2009-07-14,2085.74,-1.476,1.277
2009-07-15,2054.19,-1.513,1.314
2009-07-16,2018.93,-1.716,1.369
2009-07-17,2025.71,0.336,1.37
2009-07-18,2006.82,-0.933,1.22
2009-07-22,1986.35,-1.02,1.233
2009-07-23,1975.05,-0.569,1.157
2009-07-24,1953.12,-1.11,0.925
2009-07-25,1970.11,0.87,0.975
2009-07-28,1982.43,0.625,0.913
2009-07-29,2013.82,1.583,0.998
2009-07-30,2073.92,2.984,1.241
2009-07-31,2043.37,-1.473,1.236
2009-08-01,2040.95,-0.118,1.228
2009-08-04,2008.96,-1.567,1.268
2009-08-05,1992.98,-0.795,1.239
2009-08-06,1987.84,-0.258,1.23
2009-08-07,1997.01,0.461,1.215
2009-08-11,2022.56,1.279,1.263
2009-08-12,2050.45,1.379,1.302
2009-08-13,2026.45,-1.17,1.287
2009-08-14,1999.98,-1.306,1.276
2009-08-15,2016.09,0.806,1.235
2009-08-19,2037.10,1.042,1.255
2009-08-20,2041.91,0.236,1.234
2009-08-21,2012.67,-1.432,1.257
2009-08-22,1997.31,-0.763,1.263
2009-08-25,1997.44,0.007,1.233
2009-08-26,2007.20,0.489,1.223
2009-08-27,2044.79,1.873,1.282
2009-08-28,2043.65,-0.056,1.238
2009-08-29,2035.00,-0.423,1.035
2009-09-01,2057.81,1.121,1.015
2009-09-02,2068.96,0.542,1.02
2009-09-03,2065.73,-0.156,0.947
2009-09-04,2029.75,-1.742,1.017
2009-09-05,2018.72,-0.543,1.025
2009-09-09,1994.44,-1.203,1.059
2009-09-10,1998.17,0.187,1.017
2009-09-11,2008.95,0.539,0.971
2009-09-12,1985.38,-1.173,0.971
2009-09-15,1998.99,0.686,0.942
2009-09-16,1986.86,-0.607,0.932
2009-09-17,1960.76,-1.314,0.933
2009-09-18,1962.60,0.094,0.93
2009-09-19,1951.38,-0.572,0.889
2009-09-22,1950.77,-0.031,0.877
2009-09-23,1914.47,-1.861,0.959
2009-09-24,1911.66,-0.147,0.945
2009-09-25,1922.50,0.567,0.83
2009-09-26,1926.59,0.213,0.836
2009-09-29,1921.64,-0.257,0.836
2009-09-30,1922.00,0.019,0.772
2009-10-01,1925.49,0.182,0.755
2009-10-02,1918.87,-0.344,0.753
2009-10-03,1919.75,0.046,0.684
2009-10-06,1925.57,0.303,0.693
2009-10-07,1906.59,-0.986,0.678
2009-10-08,1897.31,-0.487,0.674
2009-10-09,1870.96,-1.389,0.692
2009-10-10,1857.21,-0.735,0.671
2009-10-14,1825.68,-1.698,0.692
2009-10-15,1830.38,0.257,0.709
2009-10-16,1838.26,0.431,0.698
2009-10-17,1843.81,0.302,0.706
2009-10-20,1858.40,0.791,0.744
2009-10-21,1913.98,2.991,1.038
2009-10-22,1910.04,-0.206,0.952
2009-10-23,1914.89,0.254,0.953
2009-10-24,1924.35,0.494,0.951
2009-10-27,1932.81,0.44,0.955
2009-10-28,1977.26,2.3,1.079
2009-10-29,2006.18,1.463,1.117
2009-10-30,2004.37,-0.09,1.119
2009-10-31,1993.80,-0.527,1.125
2009-11-04,2008.72,0.748,1.131
2009-11-05,1963.70,-2.241,1.258
2009-11-06,1958.24,-0.278,1.236
2009-11-07,1981.61,1.193,1.248
2009-11-10,1968.45,-0.664,1.209
2009-11-11,1969.52,0.054,1.187
2009-11-13,1976.89,0.374,1.09
2009-11-14,1971.27,-0.284,1.1
2009-11-18,1966.22,-0.256,1.109
2009-11-19,1953.45,-0.649,1.131
2009-11-20,1962.33,0.455,1.126
2009-11-21,1974.47,0.619,0.934
2009-11-24,1964.92,-0.484,0.942
2009-11-25,1969.01,0.208,0.942
2009-11-26,1974.14,0.261,0.938
2009-11-28,1997.47,1.182,0.965
2009-12-01,1998.45,0.049,0.825
2009-12-02,1990.29,-0.408,0.761
2009-12-03,1990.80,0.026,0.761
2009-12-04,1989.94,-0.043,0.752
2009-12-05,2003.94,0.704,0.749
2009-12-08,2009.45,0.275,0.536
2009-12-10,2016.73,0.362,0.53
2009-12-11,2016.17,-0.028,0.47
2009-12-12,2000.54,-0.775,0.48
2009-12-15,1992.10,-0.422,0.493
2009-12-16,2001.86,0.49,0.498
2009-12-17,2005.09,0.161,0.491
2009-12-18,2015.74,0.531,0.494
2009-12-19,2025.85,0.502,0.465
2009-12-22,2030.17,0.213,0.461
2009-12-23,2054.10,1.179,0.505
2009-12-24,2045.07,-0.44,0.501
2009-12-25,2043.41,-0.081,0.505
2009-12-29,2037.92,-0.269,0.515
2009-12-30,2046.20,0.406,0.461
2009-12-31,2044.23,-0.096,0.463
2010-01-05,2021.21,-1.126,0.529
2010-01-06,1992.78,-1.407,0.625
2010-01-07,1971.32,-1.077,0.67
2010-01-08,1969.08,-0.114,0.646
2010-01-09,1968.24,-0.043,0.641
2010-01-13,1959.43,-0.448,0.636
2010-01-14,1965.81,0.326,0.644
2010-01-15,1974.13,0.423,0.636
2010-01-16,1967.40,-0.341,0.634
2010-01-20,1957.82,-0.487,0.627
2010-01-21,1964.18,0.325,0.631
2010-01-22,1967.08,0.148,0.617
2010-01-23,1981.96,0.756,0.633
2010-01-26,1961.97,-1.009,0.659
2010-01-27,1972.22,0.522,0.602
2010-01-28,1988.05,0.803,0.639
2010-01-29,1991.21,0.159,0.642
2010-01-30,1982.29,-0.448,0.646
2010-02-02,1972.60,-0.489,0.637
2010-02-03,1959.93,-0.642,0.645
2010-02-04,1966.02,0.311,0.617
2010-02-05,1984.16,0.923,0.583
2010-02-06,1997.13,0.654,0.545
2010-02-09,2003.76,0.332,0.547
2010-02-10,1981.40,-1.116,0.609
2010-02-11,1965.03,-0.826,0.631
2010-02-12,1943.60,-1.091,0.672
2010-02-13,1936.90,-0.345,0.665
2010-02-17,1925.79,-0.574,0.672
2010-02-18,1928.79,0.156,0.668
2010-02-19,1930.94,0.111,0.663
2010-02-20,1928.86,-0.108,0.661
2010-02-23,1914.87,-0.725,0.643
2010-02-24,1924.75,0.516,0.629
2010-02-25,1932.15,0.384,0.622
2010-02-26,1941.98,0.509,0.603
2010-02-27,1932.32,-0.497,0.605
2010-03-02,1913.86,-0.955,0.629
2010-03-03,1895.86,-0.941,0.648
2010-03-04,1916.41,1.084,0.699
2010-03-05,1928.33,0.622,0.712
2010-03-06,1902.31,-1.349,0.722
2010-03-09,1894.44,-0.414,0.694
2010-03-10,1894.30,-0.007,0.683
2010-03-11,1888.05,-0.33,0.654
2010-03-12,1894.79,0.357,0.652
2010-03-13,1892.99,-0.095,0.616
2010-03-16,1899.75,0.357,0.623
2010-03-17,1896.15,-0.189,0.613
2010-03-18,1893.42,-0.144,0.611
2010-03-19,1900.55,0.377,0.618
2010-03-20,1907.06,0.343,0.625
2010-03-24,1907.06,0.0,0.605
2010-03-25,1923.41,0.857,0.625
2010-03-26,1922.91,-0.026,0.619
2010-03-27,1933.40,0.546,0.62
2010-03-30,1934.21,0.042,0.61
2010-03-31,1928.59,-0.291,0.572
2010-04-01,1921.88,-0.348,0.532
2010-04-06,1911.78,-0.526,0.491
2010-04-07,1911.07,-0.037,0.468
2010-04-08,1920.53,0.495,0.368
2010-04-09,1931.91,0.593,0.371
2010-04-10,1921.32,-0.548,0.397
2010-04-13,1926.16,0.252,0.388
2010-04-14,1936.22,0.522,0.395
2010-04-15,1938.24,0.104,0.392
2010-04-16,1943.83,0.288,0.39
2010-04-17,1942.21,-0.083,0.387
2010-04-20,1951.04,0.455,0.388
2010-04-21,1947.69,-0.172,0.391
2010-04-22,1948.47,0.04,0.388
2010-04-23,1955.84,0.378,0.391
2010-04-24,1950.89,-0.253,0.36
2010-04-27,1943.41,-0.383,0.373
2010-04-28,1961.82,0.947,0.41
2010-04-29,1973.05,0.572,0.425
2010-04-30,1969.75,-0.167,0.42
2010-05-01,1950.44,-0.98,0.476
2010-05-04,1973.42,1.178,0.514
2010-05-05,1988.47,0.763,0.529
2010-05-06,2003.37,0.749,0.539
2010-05-07,2010.13,0.337,0.533
2010-05-08,2029.54,0.966,0.528
2010-05-11,1988.32,-2.031,0.738
2010-05-12,1980.50,-0.393,0.743
2010-05-13,1966.36,-0.714,0.766
2010-05-14,1959.62,-0.343,0.77
2010-05-15,1968.10,0.433,0.774
2010-05-19,1976.46,0.425,0.773
2010-05-20,1997.09,1.044,0.801
2010-05-21,2017.68,1.031,0.825
2010-05-22,1998.42,-0.955,0.861
2010-05-25,1975.01,-1.171,0.905
2010-05-26,1989.51,0.734,0.91
2010-05-27,1976.40,-0.659,0.905
2010-05-28,1966.80,-0.486,0.903
2010-05-29,1971.55,0.242,0.904
2010-06-02,1971.45,-0.005,0.873
2010-06-03,1963.36,-0.41,0.837
2010-06-04,1961.47,-0.096,0.817
2010-06-05,1965.83,0.222,0.797
2010-06-09,1960.50,-0.271,0.792
2010-06-10,1943.41,-0.872,0.765
2010-06-11,1928.83,-0.75,0.65
2010-06-12,1925.35,-0.18,0.648
2010-06-16,1917.82,-0.391,0.636
2010-06-17,1912.29,-0.288,0.636
2010-06-18,1902.78,-0.497,0.627
2010-06-19,1906.61,0.201,0.618
2010-06-22,1889.51,-0.897,0.566
2010-06-23,1886.05,-0.183,0.477
2010-06-24,1895.75,0.514,0.489
2010-06-25,1896.87,0.059,0.444
2010-06-26,1900.36,0.184,0.398
2010-06-29,1901.65,0.068,0.389
2010-06-30,1916.46,0.779,0.439
2010-07-01,1913.15,-0.173,0.43
2010-07-02,1897.33,-0.827,0.454
2010-07-03,1884.31,-0.686,0.465
2010-07-07,1882.47,-0.098,0.465
2010-07-08,1901.38,1.005,0.531
2010-07-09,1889.61,-0.619,0.54
2010-07-10,1877.66,-0.632,0.527
2010-07-13,1877.20,-0.024,0.51
2010-07-14,1871.19,-0.32,0.511
2010-07-15,1873.87,0.143,0.511
2010-07-16,1871.96,-0.102,0.51
2010-07-17,1878.77,0.364,0.511
2010-07-20,1872.92,-0.311,0.51
2010-07-22,1867.07,-0.312,0.477
2010-07-23,1864.04,-0.162,0.477
2010-07-24,1867.47,0.184,0.461
2010-07-27,1859.50,-0.427,0.467
2010-07-28,1852.83,-0.359,0.465
2010-07-29,1846.23,-0.356,0.466
2010-07-30,1841.35,-0.264,0.412
2010-07-31,1842.79,0.078,0.417
2010-08-03,1832.45,-0.561,0.399
2010-08-04,1834.58,0.116,0.385
2010-08-05,1824.52,-0.548,0.396
2010-08-06,1818.50,-0.33,0.287
2010-08-07,1815.46,-0.167,0.272
2010-08-10,1808.93,-0.36,0.255
2010-08-11,1810.12,0.066,0.259
2010-08-12,1807.55,-0.142,0.257
2010-08-13,1812.20,0.257,0.266
2010-08-14,1835.32,1.276,0.418
2010-08-18,1810.75,-1.339,0.487
2010-08-19,1808.14,-0.144,0.486
2010-08-20,1819.13,0.608,0.515
2010-08-21,1820.93,0.099,0.517
2010-08-24,1806.93,-0.769,0.532
2010-08-25,1818.86,0.66,0.559
2010-08-26,1820.29,0.079,0.557
2010-08-27,1811.46,-0.485,0.561
2010-08-28,1817.68,0.343,0.567
2010-08-31,1823.74,0.333,0.574
2010-09-01,1826.31,0.141,0.562
2010-09-02,1815.09,-0.614,0.577
2010-09-03,1810.65,-0.245,0.567
2010-09-04,1807.73,-0.161,0.563
2010-09-08,1808.65,0.051,0.563
2010-09-09,1803.00,-0.312,0.561
2010-09-10,1802.54,-0.026,0.561
2010-09-11,1801.04,-0.083,0.56
2010-09-14,1793.28,-0.431,0.564
2010-09-15,1788.05,-0.292,0.471
2010-09-16,1806.78,1.048,0.45
2010-09-17,1811.55,0.264,0.453
2010-09-18,1806.76,-0.264,0.434
2010-09-21,1798.73,-0.444,0.443
2010-09-22,1805.31,0.366,0.419
2010-09-23,1803.71,-0.089,0.389
2010-09-24,1810.72,0.389,0.4
2010-09-25,1809.46,-0.07,0.385
2010-09-28,1802.15,-0.404,0.386
2010-09-29,1804.06,0.106,0.378
2010-09-30,1799.89,-0.231,0.377
2010-10-01,1801.01,0.062,0.355
2010-10-02,1795.93,-0.282,0.357
2010-10-05,1802.09,0.343,0.365
2010-10-06,1802.43,0.019,0.365
2010-10-07,1796.29,-0.341,0.366
2010-10-08,1786.20,-0.562,0.386
2010-10-09,1786.37,0.01,0.386
2010-10-13,1786.77,0.022,0.375
2010-10-14,1791.56,0.268,0.374
2010-10-15,1801.20,0.538,0.312
2010-10-16,1807.88,0.371,0.318
2010-10-20,1817.45,0.529,0.334
2010-10-21,1812.60,-0.267,0.323
2010-10-22,1816.28,0.203,0.316
2010-10-23,1823.05,0.373,0.324
2010-10-26,1830.96,0.434,0.326
2010-10-27,1838.45,0.409,0.334
2010-10-28,1846.41,0.433,0.322
2010-10-29,1839.90,-0.353,0.339
2010-10-30,1831.64,-0.449,0.354
2010-11-03,1845.51,0.757,0.384
2010-11-04,1840.51,-0.271,0.383
2010-11-05,1821.05,-1.057,0.461
2010-11-06,1817.70,-0.184,0.464
2010-11-09,1828.28,0.582,0.47
2010-11-10,1836.27,0.437,0.45
2010-11-11,1858.01,1.184,0.505
2010-11-13,1861.74,0.201,0.503
2010-11-17,1880.98,1.033,0.536
2010-11-18,1875.78,-0.276,0.544
2010-11-19,1865.82,-0.531,0.566
2010-11-20,1875.39,0.513,0.566
2010-11-23,1882.00,0.352,0.558
2010-11-24,1892.84,0.576,0.565
2010-11-25,1889.11,-0.197,0.57
2010-11-27,1906.69,0.931,0.592
2010-11-30,1916.96,0.539,0.595
2010-12-01,1932.63,0.817,0.609
2010-12-02,1933.58,0.049,0.595
2010-12-03,1920.00,-0.702,0.613
2010-12-04,1896.73,-1.212,0.68
2010-12-07,1889.75,-0.368,0.683
2010-12-08,1880.82,-0.473,0.641
2010-12-10,1902.72,1.164,0.672
2010-12-11,1911.87,0.481,0.67
2010-12-14,1894.12,-0.928,0.715
2010-12-15,1899.89,0.305,0.675
2010-12-16,1905.84,0.313,0.676
2010-12-17,1916.09,0.538,0.649
2010-12-18,1923.13,0.367,0.646
2010-12-21,1928.71,0.29,0.628
2010-12-22,1934.96,0.324,0.624
2010-12-23,1934.44,-0.027,0.623
2010-12-24,1928.33,-0.316,0.622
2010-12-25,1939.54,0.581,0.628
2010-12-28,1964.57,1.291,0.656
2010-12-29,2027.33,3.195,0.944
2010-12-30,1989.88,-1.847,1.047
2010-12-31,1913.98,-3.814,1.373
2011-01-04,1902.71,-0.589,1.37
2011-01-05,1899.86,-0.15,1.343
2011-01-06,1894.82,-0.265,1.341
2011-01-07,1869.94,-1.313,1.37
2011-01-08,1859.97,-0.533,1.345
2011-01-12,1856.79,-0.171,1.338
2011-01-13,1855.46,-0.072,1.325
2011-01-14,1864.36,0.48,1.329
2011-01-15,1872.46,0.434,1.331
2011-01-19,1864.64,-0.418,1.325
2011-01-20,1841.90,-1.22,1.341
2011-01-21,1849.59,0.418,1.344
2011-01-22,1838.94,-0.576,1.34
2011-01-25,1842.43,0.19,1.343
2011-01-26,1853.71,0.612,1.356
2011-01-27,1862.05,0.45,1.352
2011-01-28,1858.70,-0.18,1.307
2011-01-29,1857.98,-0.039,1.025
2011-02-01,1867.82,0.53,0.99
2011-02-02,1853.33,-0.776,0.566
2011-02-03,1852.67,-0.036,0.558
2011-02-04,1863.03,0.559,0.578
2011-02-05,1872.01,0.482,0.591
2011-02-08,1871.81,-0.011,0.512
2011-02-09,1875.32,0.188,0.497
2011-02-10,1891.54,0.865,0.527
2011-02-11,1889.10,-0.129,0.528
2011-02-12,1880.37,-0.462,0.533
2011-02-15,1891.84,0.61,0.542
2011-02-16,1902.01,0.538,0.54
2011-02-17,1907.69,0.299,0.443
2011-02-18,1893.46,-0.746,0.484
2011-02-19,1879.15,-0.756,0.499
2011-02-23,1889.69,0.561,0.509
2011-02-24,1898.28,0.455,0.502
2011-02-25,1898.39,0.006,0.496
2011-02-26,1895.56,-0.149,0.496
2011-03-01,1907.37,0.623,0.508
2011-03-02,1913.21,0.306,0.501
2011-03-03,1916.05,0.148,0.454
2011-03-04,1904.73,-0.591,0.484
2011-03-05,1890.23,-0.761,0.513
2011-03-08,1893.17,0.156,0.504
2011-03-09,1889.85,-0.175,0.506
2011-03-10,1879.49,-0.548,0.522
2011-03-11,1871.97,-0.4,0.489
2011-03-12,1866.20,-0.308,0.492
2011-03-15,1876.29,0.541,0.5
2011-03-16,1887.67,0.607,0.5
2011-03-17,1892.62,0.262,0.488
2011-03-18,1876.78,-0.837,0.514
2011-03-19,1874.79,-0.106,0.489
2011-03-23,1866.34,-0.451,0.471
2011-03-24,1867.74,0.075,0.45
2011-03-25,1865.11,-0.141,0.434
2011-03-26,1871.37,0.336,0.444
2011-03-29,1877.84,0.346,0.453
2011-03-30,1888.00,0.541,0.447
2011-03-31,1879.47,-0.452,0.447
2011-04-01,1870.60,-0.472,0.452
2011-04-02,1858.95,-0.623,0.454
2011-04-05,1846.78,-0.655,0.446
2011-04-06,1838.29,-0.46,0.448
2011-04-07,1826.97,-0.616,0.46
2011-04-08,1825.09,-0.103,0.451
2011-04-09,1817.35,-0.424,0.452
2011-04-12,1815.79,-0.086,0.451
2011-04-13,1818.14,0.129,0.427
2011-04-14,1818.91,0.042,0.391
2011-04-15,1811.10,-0.429,0.38
2011-04-16,1800.63,-0.578,0.361
2011-04-19,1799.79,-0.047,0.363
2011-04-20,1790.54,-0.514,0.365
2011-04-21,1782.59,-0.444,0.362
2011-04-26,1781.56,-0.058,0.364
2011-04-27,1787.88,0.355,0.366
2011-04-28,1784.11,-0.211,0.34
2011-04-29,1767.54,-0.929,0.317
2011-04-30,1768.19,0.037,0.326
2011-05-03,1768.37,0.01,0.33
2011-05-04,1767.05,-0.075,0.323
2011-05-05,1763.45,-0.204,0.309
2011-05-06,1769.46,0.341,0.329
2011-05-07,1763.12,-0.358,0.316
2011-05-10,1779.70,0.94,0.403
2011-05-11,1791.72,0.675,0.434
2011-05-12,1798.66,0.387,0.446
2011-05-13,1807.86,0.511,0.462
2011-05-14,1805.37,-0.138,0.462
2011-05-17,1814.98,0.532,0.469
2011-05-18,1826.03,0.609,0.465
2011-05-19,1824.62,-0.077,0.466
2011-05-20,1814.99,-0.528,0.467
2011-05-21,1819.86,0.268,0.453
2011-05-24,1828.12,0.454,0.457
2011-05-25,1828.64,0.028,0.455
2011-05-26,1831.58,0.161,0.448
2011-05-27,1829.75,-0.1,0.378
2011-05-28,1817.34,-0.678,0.423
2011-06-01,1797.83,-1.074,0.502
2011-06-02,1789.41,-0.468,0.516
2011-06-03,1784.12,-0.296,0.519
2011-06-04,1785.05,0.052,0.515
2011-06-08,1770.13,-0.836,0.545
2011-06-09,1769.83,-0.017,0.5
2011-06-10,1772.59,0.156,0.474
2011-06-11,1774.94,0.133,0.465
2011-06-14,1777.64,0.152,0.448
2011-06-15,1774.24,-0.191,0.449
2011-06-16,1781.40,0.404,0.44
2011-06-17,1793.92,0.703,0.449
2011-06-18,1787.80,-0.341,0.452
2011-06-21,1789.47,0.093,0.443
2011-06-22,1780.48,-0.502,0.445
2011-06-23,1779.10,-0.078,0.425
2011-06-24,1788.11,0.506,0.448
2011-06-25,1787.80,-0.017,0.444
2011-06-29,1786.73,-0.06,0.444
2011-06-30,1780.16,-0.368,0.428
2011-07-01,1772.32,-0.44,0.373
2011-07-02,1762.59,-0.549,0.378
2011-07-06,1766.57,0.226,0.38
2011-07-07,1767.47,0.051,0.38
2011-07-08,1759.38,-0.458,0.346
2011-07-09,1759.41,0.002,0.346
2011-07-12,1768.42,0.512,0.365
2011-07-13,1765.32,-0.175,0.365
2011-07-14,1758.25,-0.4,0.372
2011-07-15,1748.41,-0.56,0.388
2011-07-16,1750.90,0.142,0.375
2011-07-19,1758.99,0.462,0.351
2011-07-20,1757.49,-0.085,0.347
2011-07-22,1756.38,-0.063,0.344
2011-07-23,1757.35,0.055,0.332
2011-07-26,1768.02,0.607,0.364
2011-07-27,1759.88,-0.46,0.353
2011-07-28,1764.89,0.285,0.362
2011-07-29,1771.15,0.355,0.374
2011-07-30,1777.82,0.377,0.377
2011-08-02,1771.81,-0.338,0.372
2011-08-03,1765.53,-0.354,0.359
2011-08-04,1772.52,0.396,0.366
2011-08-05,1781.33,0.497,0.382
2011-08-06,1792.68,0.637,0.385
2011-08-09,1811.18,1.032,0.437
2011-08-10,1811.68,0.028,0.429
2011-08-11,1800.97,-0.591,0.454
2011-08-12,1793.47,-0.416,0.455
2011-08-13,1783.35,-0.564,0.455
2011-08-17,1776.66,-0.375,0.467
2011-08-18,1767.29,-0.527,0.476
2011-08-19,1775.84,0.484,0.486
2011-08-20,1779.05,0.181,0.486
2011-08-23,1779.86,0.046,0.486
2011-08-24,1781.91,0.115,0.469
2011-08-25,1791.61,0.544,0.467
2011-08-26,1791.05,-0.031,0.465
2011-08-27,1794.02,0.166,0.461
2011-08-30,1787.52,-0.362,0.464
2011-08-31,1783.66,-0.216,0.46
2011-09-01,1780.26,-0.191,0.454
2011-09-02,1778.51,-0.098,0.447
2011-09-03,1782.80,0.241,0.437
2011-09-07,1791.89,0.51,0.428
2011-09-08,1789.30,-0.145,0.352
2011-09-09,1789.90,0.034,0.352
2011-09-10,1796.58,0.373,0.342
2011-09-13,1811.34,0.822,0.375
2011-09-14,1813.42,0.115,0.346
2011-09-15,1824.15,0.592,0.346
2011-09-16,1822.04,-0.116,0.316
2011-09-17,1820.29,-0.096,0.31
2011-09-20,1843.26,1.262,0.401
2011-09-21,1854.96,0.635,0.413
2011-09-22,1882.23,1.47,0.499
2011-09-23,1915.63,1.774,0.599
2011-09-24,1902.45,-0.688,0.637
2011-09-27,1903.31,0.045,0.639
2011-09-28,1887.38,-0.837,0.673
2011-09-29,1907.75,1.079,0.686
2011-09-30,1915.10,0.385,0.674
2011-10-01,1929.01,0.726,0.669
2011-10-04,1943.80,0.767,0.673
2011-10-05,1972.76,1.49,0.713
2011-10-06,1967.56,-0.264,0.719
2011-10-07,1952.09,-0.786,0.767
2011-10-08,1931.64,-1.048,0.836
2011-10-12,1913.60,-0.934,0.877
2011-10-13,1896.72,-0.882,0.915
2011-10-14,1909.12,0.654,0.916
2011-10-15,1895.33,-0.722,0.938
2011-10-19,1902.47,0.377,0.936
2011-10-20,1900.10,-0.125,0.906
2011-10-21,1905.95,0.308,0.9
2011-10-22,1897.45,-0.446,0.851
2011-10-25,1878.78,-0.984,0.776
2011-10-26,1875.55,-0.172,0.764
2011-10-27,1878.10,0.136,0.765
2011-10-28,1862.84,-0.813,0.764
2011-10-29,1863.06,0.012,0.715
2011-11-01,1871.49,0.452,0.718
2011-11-02,1891.38,1.063,0.742
2011-11-03,1889.66,-0.091,0.714
2011-11-04,1905.38,0.832,0.647
2011-11-05,1915.72,0.543,0.666
2011-11-09,1908.71,-0.366,0.651
2011-11-10,1917.69,0.47,0.624
2011-11-11,1913.65,-0.211,0.589
2011-11-16,1915.41,0.092,0.551
2011-11-17,1912.20,-0.168,0.534
2011-11-18,1910.83,-0.072,0.506
2011-11-19,1917.45,0.346,0.505
2011-11-22,1928.47,0.575,0.517
2011-11-23,1925.39,-0.16,0.516
2011-11-24,1932.63,0.376,0.507
2011-11-26,1948.48,0.82,0.464
2011-11-29,1946.28,-0.113,0.462
2011-11-30,1967.18,1.074,0.503
2011-12-01,1948.51,-0.949,0.518
2011-12-02,1949.56,0.054,0.517
2011-12-03,1938.83,-0.55,0.543
2011-12-06,1936.29,-0.131,0.504
2011-12-07,1936.11,-0.009,0.503
2011-12-08,1930.57,-0.286,0.482
2011-12-10,1927.10,-0.18,0.471
2011-12-13,1932.30,0.27,0.464
2011-12-14,1929.01,-0.17,0.457
2011-12-15,1937.60,0.445,0.462
2011-12-16,1935.96,-0.085,0.463
2011-12-17,1935.64,-0.017,0.461
2011-12-20,1939.39,0.194,0.46
2011-12-21,1932.08,-0.377,0.466
2011-12-22,1935.72,0.188,0.451
2011-12-23,1927.71,-0.414,0.459
2011-12-24,1920.93,-0.352,0.457
2011-12-28,1920.16,-0.04,0.412
2011-12-29,1938.52,0.956,0.471
2011-12-30,1942.70,0.216,0.4
2012-01-04,1915.02,-1.425,0.465
2012-01-05,1898.24,-0.876,0.495
2012-01-06,1884.44,-0.727,0.505
2012-01-07,1884.47,0.002,0.506
2012-01-11,1865.07,-1.029,0.543
2012-01-12,1854.17,-0.584,0.55
2012-01-13,1842.47,-0.631,0.558
2012-01-14,1841.31,-0.063,0.547
2012-01-18,1836.34,-0.27,0.547
2012-01-19,1827.24,-0.496,0.525
2012-01-20,1821.86,-0.294,0.522
2012-01-21,1828.75,0.378,0.541
2012-01-24,1811.55,-0.941,0.548
2012-01-25,1814.58,0.167,0.559
2012-01-26,1814.69,0.006,0.552
2012-01-27,1801.88,-0.706,0.558
2012-01-28,1810.55,0.481,0.587
2012-01-31,1815.08,0.25,0.598
2012-02-01,1805.98,-0.501,0.523
2012-02-02,1797.68,-0.46,0.506
2012-02-03,1795.55,-0.118,0.446
2012-02-04,1784.77,-0.6,0.432
2012-02-07,1787.96,0.179,0.433
2012-02-08,1783.34,-0.258,0.428
2012-02-09,1778.90,-0.249,0.39
2012-02-10,1774.96,-0.221,0.381
2012-02-11,1785.59,0.599,0.409
2012-02-14,1778.12,-0.418,0.412
2012-02-15,1785.24,0.4,0.431
2012-02-16,1791.29,0.339,0.435
2012-02-17,1792.92,0.091,0.434
2012-02-18,1779.81,-0.731,0.444
2012-02-22,1777.59,-0.125,0.401
2012-02-23,1781.57,0.224,0.403
2012-02-24,1776.11,-0.306,0.405
2012-02-25,1772.42,-0.208,0.381
2012-02-28,1777.27,0.274,0.368
2012-02-29,1767.83,-0.531,0.371
2012-03-01,1766.85,-0.055,0.361
2012-03-02,1770.70,0.218,0.358
2012-03-03,1775.69,0.282,0.366
2012-03-06,1774.03,-0.093,0.344
2012-03-07,1779.32,0.298,0.348
2012-03-08,1773.88,-0.306,0.35
2012-03-09,1765.06,-0.497,0.363
2012-03-10,1762.08,-0.169,0.361
2012-03-13,1766.10,0.228,0.336
2012-03-14,1760.77,-0.302,0.33
2012-03-15,1761.04,0.015,0.313
2012-03-16,1761.02,-0.001,0.299
2012-03-17,1758.38,-0.15,0.296
2012-03-21,1759.78,0.08,0.258
2012-03-22,1758.03,-0.099,0.258
2012-03-23,1761.87,0.218,0.257
2012-03-24,1760.17,-0.096,0.251
2012-03-27,1759.58,-0.034,0.248
2012-03-28,1762.93,0.19,0.243
2012-03-29,1771.25,0.472,0.24
2012-03-30,1784.66,0.757,0.292
2012-03-31,1792.07,0.415,0.301
2012-04-03,1779.13,-0.722,0.343
2012-04-04,1767.84,-0.635,0.371
2012-04-05,1772.58,0.268,0.37
2012-04-10,1779.53,0.392,0.374
2012-04-11,1793.30,0.774,0.39
2012-04-12,1787.66,-0.315,0.396
2012-04-13,1778.78,-0.497,0.414
2012-04-14,1777.12,-0.093,0.408
2012-04-17,1775.67,-0.082,0.409
2012-04-18,1769.07,-0.372,0.419
2012-04-19,1774.21,0.291,0.421
2012-04-20,1776.06,0.104,0.421
2012-04-21,1771.13,-0.278,0.426
2012-04-24,1774.44,0.187,0.426
2012-04-25,1767.91,-0.368,0.434
2012-04-26,1763.85,-0.23,0.438
2012-04-27,1764.63,0.044,0.436
2012-04-28,1761.20,-0.194,0.424
2012-05-01,1764.00,0.159,0.385
2012-05-03,1760.12,-0.22,0.37
2012-05-04,1754.89,-0.297,0.343
2012-05-05,1757.24,0.134,0.318
2012-05-08,1759.12,0.107,0.312
2012-05-09,1760.60,0.084,0.297
2012-05-10,1775.96,0.872,0.312
2012-05-11,1765.00,-0.617,0.332
2012-05-12,1764.69,-0.018,0.316
2012-05-15,1771.60,0.392,0.33
2012-05-16,1778.37,0.382,0.341
2012-05-17,1793.61,0.857,0.378
2012-05-18,1804.92,0.631,0.396
2012-05-19,1814.46,0.529,0.408
2012-05-23,1824.73,0.566,0.409
2012-05-24,1845.17,1.12,0.463
2012-05-25,1836.45,-0.473,0.471
2012-05-26,1840.69,0.231,0.46
2012-05-30,1818.82,-1.188,0.557
2012-05-31,1827.83,0.495,0.555
2012-06-01,1833.80,0.327,0.556
2012-06-02,1834.71,0.05,0.549
2012-06-05,1815.54,-1.045,0.607
2012-06-06,1798.85,-0.919,0.655
2012-06-07,1782.89,-0.887,0.692
2012-06-08,1766.91,-0.896,0.725
2012-06-09,1776.26,0.529,0.708
2012-06-13,1776.47,0.012,0.693
2012-06-14,1783.45,0.393,0.697
2012-06-15,1787.63,0.234,0.694
2012-06-16,1786.21,-0.079,0.69
2012-06-20,1773.18,-0.729,0.68
2012-06-21,1770.38,-0.158,0.661
2012-06-22,1775.99,0.317,0.652
2012-06-23,1787.47,0.646,0.657
2012-06-26,1803.37,0.89,0.636
2012-06-27,1805.14,0.098,0.632
2012-06-28,1796.18,-0.496,0.633
2012-06-29,1805.60,0.524,0.596
2012-06-30,1784.60,-1.163,0.633
2012-07-04,1771.53,-0.732,0.638
2012-07-06,1774.37,0.16,0.64
2012-07-07,1785.25,0.613,0.628
2012-07-10,1790.25,0.28,0.6
2012-07-11,1785.06,-0.29,0.569
2012-07-12,1787.72,0.149,0.528
2012-07-13,1790.12,0.134,0.517
2012-07-14,1780.21,-0.554,0.534
2012-07-17,1778.42,-0.101,0.526
2012-07-18,1778.97,0.031,0.523
2012-07-19,1778.28,-0.039,0.523
2012-07-20,1775.80,-0.139,0.497
2012-07-24,1790.39,0.822,0.527
2012-07-25,1797.33,0.388,0.529
2012-07-26,1799.48,0.12,0.511
2012-07-27,1789.22,-0.57,0.487
2012-07-28,1791.12,0.106,0.487
2012-07-31,1789.02,-0.117,0.475
2012-08-01,1790.74,0.096,0.459
2012-08-02,1787.51,-0.18,0.378
2012-08-03,1790.97,0.194,0.336
2012-08-04,1786.06,-0.274,0.343
2012-08-07,1785.29,-0.043,0.315
2012-08-09,1788.03,0.153,0.31
2012-08-10,1788.08,0.003,0.303
2012-08-11,1791.61,0.197,0.305
2012-08-14,1792.86,0.07,0.304
2012-08-15,1800.81,0.443,0.288
2012-08-16,1817.18,0.909,0.342
2012-08-17,1825.52,0.459,0.35
2012-08-18,1822.59,-0.161,0.354
2012-08-22,1815.80,-0.373,0.367
2012-08-23,1812.88,-0.161,0.331
2012-08-24,1808.33,-0.251,0.329
2012-08-25,1814.83,0.359,0.337
2012-08-28,1821.44,0.364,0.311
2012-08-29,1828.99,0.415,0.319
2012-08-30,1833.14,0.227,0.316
2012-08-31,1830.50,-0.144,0.321
2012-09-01,1825.21,-0.289,0.328
2012-09-05,1824.81,-0.022,0.328
2012-09-06,1814.06,-0.589,0.353
2012-09-07,1804.09,-0.55,0.38
2012-09-08,1797.35,-0.374,0.39
2012-09-11,1802.23,0.272,0.394
2012-09-12,1795.40,-0.379,0.403
2012-09-13,1802.22,0.38,0.411
2012-09-14,1799.57,-0.147,0.401
2012-09-15,1789.54,-0.557,0.357
2012-09-18,1799.77,0.572,0.367
2012-09-19,1800.19,0.023,0.367
2012-09-20,1795.66,-0.252,0.362
2012-09-21,1798.98,0.185,0.365
2012-09-22,1796.75,-0.124,0.362
2012-09-25,1799.29,0.141,0.353
2012-09-26,1795.69,-0.2,0.341
2012-09-27,1799.55,0.215,0.329
2012-09-28,1798.08,-0.082,0.321
2012-09-29,1800.52,0.136,0.325
2012-10-02,1797.97,-0.142,0.321
2012-10-03,1798.86,0.05,0.322
2012-10-04,1800.43,0.087,0.3
2012-10-05,1797.68,-0.153,0.276
2012-10-06,1795.40,-0.127,0.265
2012-10-10,1798.32,0.163,0.26
2012-10-11,1799.78,0.081,0.246
2012-10-12,1797.68,-0.117,0.231
2012-10-13,1797.68,0.0,0.229
2012-10-17,1797.81,0.007,0.189
2012-10-18,1798.53,0.04,0.138
2012-10-19,1797.66,-0.048,0.138
2012-10-20,1798.42,0.042,0.126
2012-10-23,1802.91,0.25,0.132
2012-10-24,1816.60,0.759,0.209
2012-10-25,1817.25,0.036,0.208
2012-10-26,1816.97,-0.015,0.201
2012-10-27,1823.18,0.342,0.208
2012-10-30,1830.45,0.399,0.217
2012-10-31,1829.89,-0.031,0.219
2012-11-01,1831.25,0.074,0.212
2012-11-02,1825.50,-0.314,0.231
2012-11-03,1828.80,0.181,0.232
2012-11-07,1814.99,-0.755,0.294
2012-11-08,1814.83,-0.009,0.292
2012-11-09,1814.21,-0.034,0.291
2012-11-10,1816.99,0.153,0.292
2012-11-14,1819.30,0.127,0.29
2012-11-15,1818.20,-0.06,0.291
2012-11-16,1822.61,0.243,0.294
2012-11-17,1823.46,0.047,0.294
2012-11-20,1817.67,-0.318,0.305
2012-11-21,1815.58,-0.115,0.308
2012-11-22,1815.76,0.01,0.304
2012-11-24,1820.18,0.243,0.258
2012-11-27,1824.12,0.216,0.262
2012-11-28,1823.54,-0.032,0.262
2012-11-29,1825.08,0.084,0.251
2012-11-30,1817.93,-0.392,0.248
2012-12-01,1813.72,-0.232,0.252
2012-12-04,1813.73,0.001,0.251
2012-12-05,1813.57,-0.009,0.243
2012-12-06,1811.05,-0.139,0.239
2012-12-07,1803.69,-0.406,0.193
2012-12-08,1797.45,-0.346,0.205
2012-12-11,1799.40,0.108,0.208
2012-12-12,1801.50,0.117,0.206
2012-12-13,1796.31,-0.288,0.209
2012-12-14,1795.05,-0.07,0.209
2012-12-15,1798.37,0.185,0.205
2012-12-18,1796.98,-0.077,0.204
2012-12-19,1794.14,-0.158,0.196
2012-12-20,1790.46,-0.205,0.199
2012-12-21,1788.87,-0.089,0.198
2012-12-22,1779.79,-0.508,0.205
2012-12-25,1773.44,-0.357,0.197
2012-12-27,1771.49,-0.11,0.196
2012-12-28,1771.54,0.003,0.191
2012-12-29,1768.23,-0.187,0.183
2013-01-03,1759.97,-0.467,0.196
2013-01-04,1760.83,0.049,0.199
2013-01-05,1767.54,0.381,0.23
2013-01-09,1771.31,0.213,0.242
2013-01-10,1767.96,-0.189,0.233
2013-01-11,1761.50,-0.365,0.234
2013-01-12,1762.38,0.05,0.231
2013-01-15,1758.45,-0.223,0.227
2013-01-16,1769.88,0.65,0.281
2013-01-17,1775.15,0.298,0.293
2013-01-18,1767.78,-0.415,0.298
2013-01-19,1767.74,-0.002,0.298
2013-01-23,1776.96,0.522,0.326
2013-01-24,1778.69,0.097,0.326
2013-01-25,1779.73,0.058,0.326
2013-01-26,1779.25,-0.027,0.306
2013-01-29,1779.84,0.033,0.294
2013-01-30,1776.09,-0.211,0.297
2013-01-31,1773.24,-0.16,0.3
2013-02-01,1775.65,0.136,0.298
2013-02-02,1776.20,0.031,0.275
2013-02-05,1785.92,0.547,0.296
2013-02-06,1789.09,0.177,0.289
2013-02-07,1791.24,0.12,0.287
2013-02-08,1795.21,0.222,0.283
2013-02-09,1790.61,-0.256,0.275
2013-02-12,1784.71,-0.329,0.29
2013-02-13,1783.20,-0.085,0.284
2013-02-14,1777.72,-0.307,0.261
2013-02-15,1783.19,0.308,0.262
2013-02-16,1785.41,0.124,0.241
2013-02-20,1794.63,0.516,0.262
2013-02-21,1791.33,-0.184,0.246
2013-02-22,1798.21,0.384,0.258
2013-02-23,1800.70,0.138,0.259
2013-02-26,1806.11,0.3,0.263
2013-02-27,1818.54,0.688,0.296
2013-02-28,1816.42,-0.117,0.292
2013-03-01,1814.28,-0.118,0.29
2013-03-02,1816.48,0.121,0.29
2013-03-05,1813.53,-0.162,0.296
2013-03-06,1809.65,-0.214,0.285
2013-03-07,1808.00,-0.091,0.285
2013-03-08,1803.65,-0.241,0.292
2013-03-09,1800.45,-0.177,0.292
2013-03-12,1801.20,0.042,0.285
2013-03-13,1801.64,0.024,0.273
2013-03-14,1798.56,-0.171,0.275
2013-03-15,1797.28,-0.071,0.265
2013-03-16,1804.06,0.377,0.268
2013-03-19,1809.58,0.306,0.274
2013-03-20,1809.83,0.014,0.253
2013-03-21,1812.35,0.139,0.248
2013-03-22,1822.78,0.575,0.264
2013-03-23,1825.79,0.165,0.265
2013-03-27,1828.95,0.173,0.26
2013-03-28,1832.20,0.178,0.217
2013-04-02,1823.12,-0.496,0.246
2013-04-03,1817.14,-0.328,0.256
2013-04-04,1819.93,0.154,0.257
2013-04-05,1829.01,0.499,0.276
2013-04-06,1826.88,-0.116,0.272
2013-04-09,1817.66,-0.505,0.297
2013-04-10,1813.11,-0.25,0.298
2013-04-11,1821.20,0.446,0.308
2013-04-12,1823.84,0.145,0.308
2013-04-13,1827.79,0.217,0.31
2013-04-16,1834.86,0.387,0.312
2013-04-17,1833.98,-0.048,0.312
2013-04-18,1846.46,0.68,0.332
2013-04-19,1847.02,0.03,0.33
2013-04-20,1835.57,-0.62,0.367
2013-04-23,1841.14,0.303,0.371
2013-04-24,1838.03,-0.169,0.355
2013-04-25,1836.79,-0.067,0.355
2013-04-26,1830.84,-0.324,0.362
2013-04-27,1833.70,0.156,0.361
2013-04-30,1828.79,-0.268,0.348
2013-05-01,1825.83,-0.162,0.341
2013-05-03,1836.34,0.576,0.362
2013-05-04,1835.88,-0.025,0.346
2013-05-07,1831.42,-0.243,0.35
2013-05-08,1827.13,-0.234,0.334
2013-05-09,1830.70,0.195,0.329
2013-05-10,1833.07,0.129,0.316
2013-05-11,1834.83,0.096,0.315
2013-05-15,1838.63,0.207,0.315
2013-05-16,1843.75,0.278,0.31
2013-05-17,1838.82,-0.267,0.316
2013-05-18,1841.35,0.138,0.277
2013-05-21,1842.59,0.067,0.277
2013-05-22,1846.76,0.226,0.242
2013-05-23,1850.55,0.205,0.237
2013-05-24,1864.02,0.728,0.279
2013-05-25,1874.10,0.541,0.296
2013-05-29,1897.10,1.227,0.372
2013-05-30,1894.13,-0.157,0.38
2013-05-31,1891.48,-0.14,0.373
2013-06-01,1907.76,0.861,0.395
2013-06-05,1894.40,-0.7,0.435
2013-06-06,1899.08,0.247,0.434
2013-06-07,1907.88,0.463,0.427
2013-06-08,1898.80,-0.476,0.443
2013-06-12,1907.12,0.438,0.446
2013-06-13,1897.53,-0.503,0.474
2013-06-14,1895.01,-0.133,0.478
2013-06-15,1882.38,-0.666,0.513
2013-06-18,1883.57,0.063,0.512
2013-06-19,1902.47,1.003,0.541
2013-06-20,1900.87,-0.084,0.544
2013-06-21,1937.26,1.914,0.669
2013-06-22,1941.06,0.196,0.669
2013-06-25,1942.97,0.098,0.67
2013-06-26,1928.27,-0.757,0.696
2013-06-27,1921.86,-0.332,0.699
2013-06-28,1922.63,0.04,0.649
2013-06-29,1929.00,0.331,0.649
2013-07-03,1919.42,-0.497,0.661
2013-07-04,1915.45,-0.207,0.637
2013-07-06,1927.40,0.624,0.626
2013-07-09,1926.84,-0.029,0.626
2013-07-10,1920.12,-0.349,0.626
2013-07-11,1920.24,0.006,0.614
2013-07-12,1910.79,-0.492,0.619
2013-07-13,1905.25,-0.29,0.612
2013-07-16,1893.16,-0.635,0.628
2013-07-17,1878.42,-0.779,0.635
2013-07-18,1873.25,-0.275,0.637
2013-07-19,1883.29,0.536,0.605
2013-07-20,1884.01,0.038,0.606
2013-07-23,1880.87,-0.167,0.393
2013-07-24,1886.06,0.276,0.397
2013-07-25,1891.02,0.263,0.404
2013-07-26,1887.40,-0.191,0.377
2013-07-27,1886.26,-0.06,0.374
2013-07-30,1888.95,0.143,0.376
2013-07-31,1890.33,0.073,0.365
2013-08-01,1896.15,0.308,0.364
2013-08-02,1896.65,0.026,0.363
2013-08-03,1891.67,-0.263,0.329
2013-08-06,1883.24,-0.446,0.337
2013-08-07,1882.01,-0.065,0.333
2013-08-09,1877.23,-0.254,0.334
2013-08-10,1873.92,-0.176,0.322
2013-08-13,1868.90,-0.268,0.321
2013-08-14,1882.36,0.72,0.344
2013-08-15,1883.15,0.042,0.295
2013-08-16,1901.03,0.949,0.353
2013-08-17,1907.06,0.317,0.342
2013-08-21,1922.73,0.822,0.381
2013-08-22,1929.75,0.365,0.38
2013-08-23,1921.99,-0.402,0.396
2013-08-24,1911.16,-0.563,0.42
2013-08-27,1922.96,0.617,0.434
2013-08-28,1938.26,0.796,0.459
2013-08-29,1939.85,0.082,0.46
2013-08-30,1943.04,0.164,0.459
2013-08-31,1935.43,-0.392,0.472
2013-09-04,1946.28,0.561,0.483
2013-09-05,1938.99,-0.375,0.488
2013-09-06,1952.11,0.677,0.483
2013-09-07,1947.99,-0.211,0.488
2013-09-10,1946.06,-0.099,0.483
2013-09-11,1935.55,-0.54,0.503
2013-09-12,1923.64,-0.615,0.524
2013-09-13,1919.25,-0.228,0.512
2013-09-14,1919.54,0.015,0.513
2013-09-17,1917.03,-0.131,0.473
2013-09-18,1914.12,-0.152,0.471
2013-09-19,1911.30,-0.147,0.432
2013-09-20,1887.30,-1.256,0.501
2013-09-21,1889.12,0.096,0.498
2013-09-24,1892.89,0.2,0.489
2013-09-25,1888.14,-0.251,0.464
2013-09-26,1893.42,0.28,0.425
2013-09-27,1899.10,0.3,0.433
2013-09-28,1914.65,0.819,0.477
2013-10-01,1908.29,-0.332,0.475
2013-10-02,1893.77,-0.761,0.475
2013-10-03,1884.97,-0.465,0.478
2013-10-04,1889.95,0.264,0.449
2013-10-05,1886.78,-0.168,0.449
2013-10-08,1885.19,-0.084,0.449
2013-10-09,1889.17,0.211,0.446
2013-10-10,1894.06,0.259,0.438
2013-10-11,1885.84,-0.434,0.444
2013-10-12,1883.65,-0.116,0.444
2013-10-16,1883.70,0.003,0.444
2013-10-17,1880.91,-0.148,0.444
2013-10-18,1879.48,-0.076,0.444
2013-10-19,1879.88,0.021,0.348
2013-10-22,1885.52,0.3,0.354
2013-10-23,1879.46,-0.321,0.357
2013-10-24,1883.14,0.196,0.357
2013-10-25,1882.11,-0.055,0.35
2013-10-26,1882.34,0.012,0.342
2013-10-29,1884.43,0.111,0.278
2013-10-30,1883.42,-0.054,0.272
2013-10-31,1884.06,0.034,0.218
2013-11-01,1889.16,0.271,0.201
2013-11-02,1901.22,0.638,0.24
2013-11-06,1916.22,0.789,0.289
2013-11-07,1916.80,0.03,0.286
2013-11-08,1924.87,0.421,0.295
2013-11-09,1932.77,0.41,0.301
2013-11-13,1928.96,-0.197,0.283
2013-11-14,1932.03,0.159,0.278
2013-11-15,1929.24,-0.144,0.283
2013-11-16,1919.89,-0.485,0.309
2013-11-19,1915.37,-0.235,0.316
2013-11-20,1919.20,0.2,0.316
2013-11-21,1923.19,0.208,0.314
2013-11-22,1932.42,0.48,0.308
2013-11-23,1929.13,-0.17,0.316
2013-11-26,1926.99,-0.111,0.318
2013-11-27,1926.74,-0.013,0.318
2013-11-28,1928.25,0.078,0.318
2013-11-30,1931.88,0.188,0.316
2013-12-03,1934.16,0.118,0.315
2013-12-04,1941.01,0.354,0.318
2013-12-05,1948.48,0.385,0.301
2013-12-06,1940.26,-0.422,0.281
2013-12-07,1936.33,-0.203,0.288
2013-12-10,1932.71,-0.187,0.278
2013-12-11,1933.52,0.042,0.263
2013-12-12,1935.61,0.108,0.26
2013-12-13,1935.89,0.014,0.258
2013-12-14,1930.87,-0.259,0.262
2013-12-17,1934.95,0.211,0.239
2013-12-18,1936.14,0.062,0.23
2013-12-19,1945.60,0.489,0.248
2013-12-20,1943.46,-0.11,0.249
2013-12-21,1935.93,-0.387,0.246
2013-12-24,1925.45,-0.541,0.273
2013-12-25,1922.76,-0.14,0.274
2013-12-27,1921.22,-0.08,0.274
2013-12-28,1922.56,0.07,0.274
2013-12-31,1926.83,0.222,0.275
2014-01-03,1938.89,0.626,0.309
2014-01-04,1936.92,-0.102,0.3
2014-01-08,1930.45,-0.334,0.293
2014-01-09,1933.24,0.145,0.282
2014-01-10,1934.88,0.085,0.279
2014-01-11,1926.55,-0.431,0.293
2014-01-14,1924.79,-0.091,0.293
2014-01-15,1932.59,0.405,0.307
2014-01-16,1941.45,0.458,0.324
2014-01-17,1947.15,0.294,0.323
2014-01-18,1957.86,0.55,0.341
2014-01-22,1981.98,1.232,0.43
2014-01-23,1983.48,0.076,0.421
2014-01-24,1993.23,0.492,0.427
2014-01-25,2000.48,0.364,0.412
2014-01-28,1997.91,-0.128,0.384
2014-01-29,2000.56,0.133,0.377
2014-01-30,2013.17,0.63,0.382
2014-01-31,2008.26,-0.244,0.396
2014-02-01,2021.10,0.639,0.407
2014-02-04,2039.85,0.928,0.427
2014-02-05,2041.34,0.073,0.421
2014-02-06,2048.75,0.363,0.397
2014-02-07,2049.52,0.038,0.4
2014-02-08,2046.06,-0.169,0.411
2014-02-11,2048.55,0.122,0.378
2014-02-12,2041.61,-0.339,0.395
2014-02-13,2031.75,-0.483,0.431
2014-02-14,2032.99,0.061,0.43
2014-02-15,2022.68,-0.507,0.46
2014-02-19,2028.54,0.29,0.453
2014-02-20,2042.22,0.674,0.398
2014-02-21,2052.46,0.501,0.406
2014-02-22,2043.96,-0.414,0.418
2014-02-25,2042.67,-0.063,0.416
2014-02-26,2045.45,0.136,0.413
2014-02-27,2053.11,0.374,0.417
2014-02-28,2054.90,0.087,0.4
2014-03-01,2046.75,-0.397,0.408
2014-03-04,2052.51,0.281,0.391
2014-03-05,2047.75,-0.232,0.341
2014-03-06,2045.14,-0.127,0.342
2014-03-07,2030.02,-0.739,0.37
2014-03-08,2036.20,0.304,0.378
2014-03-11,2042.78,0.323,0.384
2014-03-12,2043.59,0.04,0.383
2014-03-13,2047.59,0.196,0.378
2014-03-14,2044.48,-0.152,0.362
2014-03-15,2044.58,0.005,0.362
2014-03-18,2035.16,-0.461,0.358
2014-03-19,2034.86,-0.015,0.353
2014-03-20,2017.38,-0.859,0.369
2014-03-21,1998.60,-0.931,0.392
2014-03-22,1993.85,-0.238,0.387
2014-03-26,1978.63,-0.763,0.413
2014-03-27,1973.03,-0.283,0.407
2014-03-28,1965.64,-0.375,0.388
2014-03-29,1965.32,-0.016,0.384
2014-04-01,1969.45,0.21,0.394
2014-04-02,1966.02,-0.174,0.378
2014-04-03,1963.51,-0.128,0.378
2014-04-04,1966.40,0.147,0.386
2014-04-05,1951.85,-0.74,0.386
2014-04-08,1937.59,-0.731,0.385
2014-04-09,1923.95,-0.704,0.373
2014-04-10,1931.09,0.371,0.396
2014-04-11,1920.93,-0.526,0.383
2014-04-12,1927.28,0.331,0.408
2014-04-15,1926.47,-0.042,0.406
2014-04-16,1932.42,0.309,0.426
2014-04-17,1930.62,-0.093,0.424
2014-04-22,1921.75,-0.459,0.403
2014-04-23,1929.66,0.412,0.394
2014-04-24,1936.63,0.361,0.411
2014-04-25,1936.07,-0.029,0.385
2014-04-26,1942.37,0.325,0.394
2014-04-29,1936.13,-0.321,0.393
2014-04-30,1935.14,-0.051,0.392
2014-05-01,1933.46,-0.087,0.387
2014-05-03,1926.30,-0.37,0.391
2014-05-06,1923.07,-0.168,0.391
2014-05-07,1918.20,-0.253,0.388
2014-05-08,1912.97,-0.273,0.362
2014-05-09,1902.15,-0.566,0.349
2014-05-10,1901.51,-0.034,0.318
2014-05-13,1904.85,0.176,0.307
2014-05-14,1919.70,0.78,0.341
2014-05-15,1925.31,0.292,0.339
2014-05-16,1927.80,0.129,0.34
2014-05-17,1925.41,-0.124,0.334
2014-05-20,1921.16,-0.221,0.336
2014-05-21,1920.41,-0.039,0.32
2014-05-22,1911.33,-0.473,0.321
2014-05-23,1905.80,-0.289,0.31
2014-05-24,1905.53,-0.014,0.311
2014-05-28,1917.34,0.62,0.337
2014-05-29,1910.80,-0.341,0.337
2014-05-30,1905.96,-0.253,0.34
2014-05-31,1900.64,-0.279,0.343
2014-06-04,1899.74,-0.047,0.336
2014-06-05,1897.70,-0.107,0.336
2014-06-06,1892.08,-0.296,0.337
2014-06-07,1886.09,-0.317,0.339
2014-06-10,1883.76,-0.124,0.319
2014-06-11,1884.97,0.064,0.32
2014-06-12,1884.63,-0.018,0.315
2014-06-13,1877.18,-0.395,0.256
2014-06-14,1877.37,0.01,0.24
2014-06-17,1886.62,0.493,0.272
2014-06-18,1899.90,0.704,0.327
2014-06-19,1895.92,-0.209,0.326
2014-06-20,1881.34,-0.769,0.362
2014-06-21,1884.56,0.171,0.356
2014-06-25,1886.85,0.122,0.355
2014-06-26,1880.37,-0.343,0.36
2014-06-27,1886.01,0.3,0.335
2014-06-28,1881.19,-0.256,0.332
2014-07-02,1865.42,-0.838,0.371
2014-07-03,1856.73,-0.466,0.378
2014-07-04,1848.91,-0.421,0.384
2014-07-08,1849.28,0.02,0.385
2014-07-09,1854.24,0.268,0.393
2014-07-10,1859.94,0.307,0.4
2014-07-11,1858.47,-0.079,0.4
2014-07-12,1852.57,-0.317,0.402
2014-07-15,1857.93,0.289,0.411
2014-07-16,1867.88,0.536,0.424
2014-07-17,1868.41,0.028,0.424
2014-07-18,1872.27,0.207,0.411
2014-07-19,1871.87,-0.021,0.372
2014-07-22,1861.28,-0.566,0.387
2014-07-23,1848.98,-0.661,0.378
2014-07-24,1847.85,-0.061,0.373
2014-07-25,1846.12,-0.094,0.369
2014-07-26,1848.56,0.132,0.369
2014-07-29,1850.61,0.111,0.361
2014-07-30,1853.30,0.145,0.362
2014-07-31,1872.43,1.032,0.395
2014-08-01,1878.75,0.338,0.383
2014-08-02,1873.65,-0.271,0.375
2014-08-05,1878.68,0.268,0.377
2014-08-06,1892.35,0.728,0.403
2014-08-07,1888.51,-0.203,0.405
2014-08-09,1891.59,0.163,0.404
2014-08-12,1881.62,-0.527,0.417
2014-08-13,1877.40,-0.224,0.42
2014-08-14,1883.33,0.316,0.409
2014-08-15,1877.77,-0.295,0.416
2014-08-16,1884.81,0.375,0.421
2014-08-20,1894.27,0.502,0.434
2014-08-21,1912.43,0.959,0.452
2014-08-22,1919.84,0.387,0.413
2014-08-23,1924.40,0.238,0.409
2014-08-26,1932.39,0.415,0.406
2014-08-27,1928.67,-0.193,0.416
2014-08-28,1926.92,-0.091,0.421
2014-08-29,1935.04,0.421,0.424
2014-08-30,1918.62,-0.849,0.441
2014-09-03,1931.49,0.671,0.456
2014-09-04,1924.67,-0.353,0.46
2014-09-05,1931.45,0.352,0.462
2014-09-06,1935.25,0.197,0.441
2014-09-09,1942.03,0.35,0.438
2014-09-10,1962.84,1.072,0.485
2014-09-11,1975.82,0.661,0.465
2014-09-12,1979.97,0.21,0.452
2014-09-13,1994.97,0.758,0.465
2014-09-16,1987.71,-0.364,0.47
2014-09-17,1978.08,-0.484,0.5
2014-09-18,1975.47,-0.132,0.502
2014-09-19,1975.42,-0.003,0.472
2014-09-20,1966.89,-0.432,0.487
2014-09-23,1992.68,1.311,0.555
2014-09-24,1997.91,0.262,0.552
2014-09-25,2007.48,0.479,0.55
2014-09-26,2019.76,0.612,0.553
2014-09-27,2023.89,0.204,0.551
2014-09-30,2028.48,0.227,0.49
2014-10-01,2022.00,-0.319,0.498
2014-10-02,2025.75,0.185,0.479
2014-10-03,2021.49,-0.21,0.489
2014-10-04,2026.20,0.233,0.489
2014-10-07,2028.03,0.09,0.489
2014-10-08,2026.90,-0.056,0.449
2014-10-09,2040.31,0.662,0.449
2014-10-10,2041.71,0.069,0.45
2014-10-11,2052.96,0.551,0.437
2014-10-15,2049.66,-0.161,0.427
2014-10-16,2057.70,0.392,0.402
2014-10-17,2074.40,0.812,0.417
2014-10-18,2064.43,-0.481,0.444
2014-10-21,2065.82,0.067,0.419
2014-10-22,2048.44,-0.841,0.407
2014-10-23,2049.90,0.071,0.407
2014-10-24,2053.39,0.17,0.398
2014-10-25,2065.38,0.584,0.397
2014-10-28,2069.72,0.21,0.397
2014-10-29,2055.43,-0.69,0.434
2014-10-30,2044.55,-0.529,0.446
2014-10-31,2050.52,0.292,0.449
2014-11-01,2061.92,0.556,0.457
2014-11-05,2076.99,0.731,0.477
2014-11-06,2081.24,0.205,0.478
2014-11-07,2086.86,0.27,0.477
2014-11-08,2103.25,0.785,0.484
2014-11-11,2103.12,-0.006,0.485
2014-11-13,2115.59,0.593,0.487
2014-11-14,2133.03,0.824,0.504
2014-11-15,2160.47,1.286,0.558
2014-11-19,2158.58,-0.087,0.546
2014-11-20,2156.73,-0.086,0.527
2014-11-21,2156.93,0.009,0.528
2014-11-22,2142.02,-0.691,0.513
2014-11-25,2158.12,0.752,0.525
2014-11-26,2162.15,0.187,0.525
2014-11-27,2165.15,0.139,0.52
2014-11-29,2206.19,1.895,0.638
2014-12-02,2252.36,2.093,0.706
2014-12-03,2293.47,1.825,0.728
2014-12-04,2286.03,-0.324,0.753
2014-12-05,2284.24,-0.078,0.766
2014-12-06,2304.12,0.87,0.769
2014-12-10,2350.01,1.992,0.831
2014-12-11,2381.96,1.36,0.843
2014-12-12,2423.56,1.746,0.877
2014-12-13,2405.31,-0.753,0.924
2014-12-16,2414.39,0.377,0.926
2014-12-17,2446.35,1.324,0.937
2014-12-18,2412.79,-1.372,1.032
2014-12-19,2334.98,-3.225,1.331
2014-12-20,2297.14,-1.621,1.403
2014-12-23,2316.93,0.862,1.406
2014-12-24,2342.57,1.107,1.392
2014-12-25,2346.90,0.185,1.391
2014-12-27,2358.46,0.493,1.39
2014-12-30,2378.56,0.852,1.391
2014-12-31,2392.46,0.584,1.351
2015-01-03,2383.37,-0.38,1.302
2015-01-06,2412.82,1.236,1.271
2015-01-07,2452.11,1.628,1.299
2015-01-08,2434.31,-0.726,1.318
2015-01-09,2405.03,-1.203,1.354
2015-01-10,2406.71,0.07,1.289
2015-01-14,2442.03,1.468,1.294
2015-01-15,2438.79,-0.133,1.238
2015-01-16,2398.91,-1.635,1.283
2015-01-17,2383.91,-0.625,1.287
2015-01-21,2373.44,-0.439,1.247
2015-01-22,2361.54,-0.501,1.217
2015-01-23,2370.75,0.39,0.972
2015-01-24,2386.50,0.664,0.892
2015-01-27,2386.28,-0.009,0.879
2015-01-28,2381.11,-0.217,0.853
2015-01-29,2362.42,-0.785,0.874
2015-01-30,2397.35,1.479,0.928
2015-01-31,2441.10,1.825,0.993
2015-02-03,2407.29,-1.385,1.042
2015-02-04,2374.72,-1.353,1.085
2015-02-05,2381.91,0.303,1.048
2015-02-06,2384.53,0.11,0.971
2015-02-07,2384.76,0.01,0.961
2015-02-10,2371.31,-0.564,0.933
2015-02-11,2380.79,0.4,0.938
2015-02-12,2416.61,1.505,0.942
2015-02-13,2401.03,-0.645,0.951
2015-02-14,2376.23,-1.033,0.907
2015-02-18,2416.37,1.689,0.975
2015-02-19,2429.71,0.552,0.972
2015-02-20,2445.16,0.636,0.967
2015-02-21,2455.54,0.425,0.968
2015-02-24,2489.81,1.396,1.0
2015-02-25,2500.59,0.433,1.0
2015-02-26,2489.41,-0.447,1.007
2015-02-27,2484.58,-0.194,0.984
2015-02-28,2496.99,0.499,0.943
2015-03-03,2522.03,1.003,0.885
2015-03-04,2555.08,1.31,0.841
2015-03-05,2565.90,0.423,0.745
2015-03-06,2543.47,-0.874,0.797
2015-03-07,2565.61,0.87,0.804
2015-03-10,2592.86,1.062,0.814
2015-03-11,2618.79,1.0,0.788
2015-03-12,2633.65,0.567,0.788
2015-03-13,2610.08,-0.895,0.811
2015-03-14,2661.52,1.971,0.846
2015-03-17,2675.08,0.509,0.763
2015-03-18,2677.97,0.108,0.725
2015-03-19,2651.49,-0.989,0.799
2015-03-20,2613.38,-1.437,0.9
2015-03-21,2587.71,-0.982,0.947
2015-03-25,2526.79,-2.354,1.074
2015-03-26,2535.55,0.347,1.073
2015-03-27,2551.30,0.621,1.072
2015-03-28,2556.85,0.218,1.07
2015-03-31,2576.05,0.751,1.075
2015-04-01,2598.36,0.866,1.07
2015-04-02,2576.41,-0.845,1.056
2015-04-07,2522.71,-2.084,1.154
2015-04-08,2518.05,-0.185,1.139
2015-04-09,2490.90,-1.078,1.14
2015-04-10,2494.77,0.155,1.107
2015-04-11,2516.08,0.854,1.099
2015-04-14,2537.33,0.845,1.111
2015-04-15,2550.83,0.532,1.108
2015-04-16,2534.63,-0.635,0.999
2015-04-17,2493.93,-1.606,1.027
2015-04-18,2495.01,0.043,1.026
2015-04-21,2487.07,-0.318,1.014
2015-04-22,2469.03,-0.725,0.985
2015-04-23,2488.50,0.789,0.998
2015-04-24,2471.21,-0.695,0.869
2015-04-25,2461.17,-0.406,0.865
2015-04-28,2419.81,-1.681,0.909
2015-04-29,2393.42,-1.091,0.92
2015-04-30,2388.06,-0.224,0.885
2015-05-01,2393.58,0.231,0.849
2015-05-05,2408.17,0.61,0.872
2015-05-06,2386.72,-0.891,0.782
2015-05-07,2362.41,-1.019,0.799
2015-05-08,2369.23,0.289,0.788
2015-05-09,2360.58,-0.365,0.783
2015-05-12,2381.53,0.887,0.786
2015-05-13,2386.77,0.22,0.751
2015-05-14,2377.87,-0.373,0.724
2015-05-15,2389.49,0.489,0.744
2015-05-16,2417.01,1.152,0.743
2015-05-20,2475.45,2.418,0.94
2015-05-21,2503.37,1.128,0.972
2015-05-22,2489.39,-0.558,0.966
2015-05-23,2500.22,0.435,0.955
2015-05-27,2542.53,1.692,1.008
2015-05-28,2548.13,0.22,0.999
2015-05-29,2549.97,0.072,0.899
2015-05-30,2533.79,-0.635,0.869
2015-06-02,2549.29,0.612,0.863
2015-06-03,2554.44,0.202,0.863
2015-06-04,2571.92,0.684,0.864
2015-06-05,2588.56,0.647,0.817
2015-06-06,2623.66,1.356,0.769
2015-06-10,2569.17,-2.077,0.965
2015-06-11,2523.00,-1.797,1.073
2015-06-12,2538.55,0.616,1.067
2015-06-13,2535.91,-0.104,1.071
2015-06-17,2531.72,-0.165,1.065
2015-06-18,2550.43,0.739,1.069
2015-06-19,2528.85,-0.846,1.082
2015-06-20,2548.20,0.765,0.962
2015-06-23,2537.68,-0.413,0.941
2015-06-24,2550.74,0.515,0.934
2015-06-25,2566.66,0.624,0.938
2015-06-26,2556.21,-0.407,0.87
2015-06-27,2585.11,1.131,0.904
2015-07-01,2598.68,0.525,0.909
2015-07-02,2626.80,1.082,0.917
2015-07-03,2623.91,-0.11,0.914
2015-07-04,2642.97,0.726,0.923
2015-07-07,2665.41,0.849,0.928
2015-07-08,2690.15,0.928,0.938
2015-07-09,2690.79,0.024,0.898
2015-07-10,2670.79,-0.743,0.765
2015-07-11,2667.37,-0.128,0.611
2015-07-14,2693.54,0.981,0.627
2015-07-15,2688.20,-0.198,0.631
2015-07-16,2713.04,0.924,0.636
2015-07-17,2727.23,0.523,0.631
2015-07-18,2751.88,0.904,0.577
2015-07-22,2765.10,0.48,0.572
2015-07-23,2790.26,0.91,0.547
2015-07-24,2807.36,0.613,0.548
2015-07-25,2857.46,1.785,0.621
2015-07-28,2854.13,-0.117,0.6
2015-07-29,2855.44,0.046,0.594
2015-07-30,2855.32,-0.004,0.605
2015-07-31,2866.04,0.375,0.588
2015-08-01,2862.51,-0.123,0.589
2015-08-04,2902.98,1.414,0.625
2015-08-05,2906.95,0.137,0.623
2015-08-06,2945.97,1.342,0.647
2015-08-07,2955.31,0.317,0.64
2015-08-11,2913.45,-1.416,0.72
2015-08-12,2943.97,1.048,0.719
2015-08-13,2937.63,-0.215,0.726
2015-08-14,2966.12,0.97,0.719
2015-08-15,2983.12,0.573,0.713
2015-08-19,3003.35,0.678,0.714
2015-08-20,3027.20,0.794,0.711
2015-08-21,3053.65,0.874,0.716
2015-08-22,3102.60,1.603,0.753
2015-08-25,3208.37,3.409,0.991
2015-08-26,3194.24,-0.44,0.984
2015-08-27,3238.51,1.386,0.987
2015-08-28,3195.47,-1.329,1.074
2015-08-29,3101.10,-2.953,1.329
2015-09-01,3079.97,-0.681,1.352
2015-09-02,3093.64,0.444,1.347
2015-09-03,3142.34,1.574,1.354
2015-09-04,3119.93,-0.713,1.376
2015-09-05,3113.55,-0.204,1.362
2015-09-09,3138.46,0.8,1.366
2015-09-10,3105.40,-1.053,1.345
2015-09-11,3080.57,-0.8,1.356
2015-09-12,3012.96,-2.195,1.459
2015-09-15,3032.59,0.652,1.451
2015-09-16,3025.28,-0.241,1.449
2015-09-17,2989.04,-1.198,1.469
2015-09-18,2975.13,-0.465,1.459
2015-09-19,2984.90,0.328,1.446
2015-09-22,3001.68,0.562,1.399
2015-09-23,3065.74,2.134,1.249
2015-09-24,3099.28,1.094,1.282
2015-09-25,3135.17,1.158,1.268
2015-09-26,3080.44,-1.746,1.292
2015-09-29,3096.98,0.537,1.121
2015-09-30,3121.94,0.806,1.123
2015-10-01,3086.75,-1.127,1.15
2015-10-02,3061.85,-0.807,1.1
2015-10-03,3034.90,-0.88,1.106
2015-10-06,2971.15,-2.101,1.19
2015-10-07,2913.74,-1.932,1.223
2015-10-08,2891.91,-0.749,1.215
2015-10-09,2887.21,-0.163,1.211
2015-10-10,2855.74,-1.09,1.144
2015-10-14,2910.70,1.925,1.23
2015-10-15,2928.69,0.618,1.243
2015-10-16,2908.87,-0.677,1.226
2015-10-17,2879.89,-0.996,1.239
2015-10-20,2912.99,1.149,1.269
2015-10-21,2929.19,0.556,1.269
2015-10-22,2966.68,1.28,1.202
2015-10-23,2925.36,-1.393,1.194
2015-10-24,2912.08,-0.454,1.145
2015-10-27,2918.21,0.211,1.104
2015-10-28,2950.87,1.119,1.133
2015-10-29,2926.75,-0.817,1.113
2015-10-30,2921.32,-0.186,1.097
2015-10-31,2897.83,-0.804,1.096
2015-11-04,2825.25,-2.505,1.199
2015-11-05,2819.63,-0.199,1.127
2015-11-06,2853.32,1.195,1.098
2015-11-07,2896.19,1.502,1.143
2015-11-10,2921.15,0.862,1.157
2015-11-11,2935.86,0.504,1.128
2015-11-13,3009.36,2.504,1.182
2015-11-14,3073.23,2.122,1.257
2015-11-18,3069.24,-0.13,1.242
2015-11-19,3108.70,1.286,1.224
2015-11-20,3082.04,-0.858,1.24
2015-11-21,3047.31,-1.127,1.278
2015-11-24,3086.82,1.297,1.279
2015-11-25,3074.35,-0.404,1.232
2015-11-26,3099.75,0.826,1.226
2015-11-28,3101.10,0.044,1.228
2015-12-01,3142.11,1.322,1.235
2015-12-02,3131.95,-0.323,1.216
2015-12-03,3166.67,1.109,1.221
2015-12-04,3149.12,-0.554,1.209
2015-12-05,3179.22,0.956,0.997
2015-12-08,3287.03,3.391,1.156
2015-12-10,3294.02,0.213,1.159
2015-12-11,3259.56,-1.046,1.208
2015-12-12,3299.36,1.221,1.215
2015-12-15,3356.00,1.717,1.239
2015-12-16,3328.08,-0.832,1.204
2015-12-17,3317.72,-0.311,1.155
2015-12-18,3333.37,0.472,1.148
2015-12-19,3337.68,0.129,1.131
2015-12-22,3332.70,-0.149,1.102
2015-12-23,3307.24,-0.764,1.078
2015-12-24,3255.19,-1.574,1.144
2015-12-25,3172.03,-2.555,1.301
2015-12-29,3180.87,0.279,1.292
2015-12-30,3155.22,-0.806,1.309
2015-12-31,3149.47,-0.182,1.278
2016-01-05,3213.24,2.025,1.35
2016-01-06,3203.86,-0.292,1.334
2016-01-07,3250.69,1.462,1.36
2016-01-08,3287.28,1.126,1.366
2016-01-09,3268.37,-0.575,1.144
2016-01-13,3246.51,-0.669,1.152
2016-01-14,3235.45,-0.341,1.131
2016-01-15,3240.71,0.163,1.093
2016-01-16,3293.94,1.643,1.087
2016-01-20,3297.46,0.107,1.073
2016-01-21,3357.67,1.826,1.149
2016-01-22,3368.49,0.322,1.146
2016-01-23,3281.74,-2.575,1.288
2016-01-26,3362.38,2.457,1.407
2016-01-27,3375.80,0.399,1.395
2016-01-28,3366.63,-0.272,1.342
2016-01-29,3302.92,-1.892,1.278
2016-01-30,3287.31,-0.473,1.287
2016-02-02,3326.82,1.202,1.285
2016-02-03,3387.69,1.83,1.325
2016-02-04,3382.20,-0.162,1.271
2016-02-05,3315.75,-1.965,1.361
2016-02-06,3320.49,0.143,1.327
2016-02-09,3367.02,1.401,1.34
2016-02-10,3391.93,0.74,1.336
2016-02-11,3385.65,-0.185,1.324
2016-02-12,3434.89,1.454,1.344
2016-02-13,3409.82,-0.73,1.364
2016-02-17,3406.87,-0.087,1.326
2016-02-18,3391.87,-0.44,1.334
2016-02-19,3338.03,-1.587,1.326
2016-02-20,3356.78,0.562,1.331
2016-02-23,3314.24,-1.267,1.226
2016-02-24,3322.54,0.25,1.09
2016-02-25,3341.69,0.576,1.095
2016-02-26,3310.16,-0.944,1.112
2016-02-27,3306.00,-0.126,1.027
2016-03-01,3319.80,0.417,1.025
2016-03-02,3268.86,-1.534,1.046
2016-03-03,3205.60,-1.935,1.022
2016-03-04,3203.03,-0.08,1.023
2016-03-05,3163.25,-1.242,0.971
2016-03-08,3135.28,-0.884,0.977
2016-03-09,3155.90,0.658,0.923
2016-03-10,3192.49,1.159,0.952
2016-03-11,3204.27,0.369,0.964
2016-03-12,3164.12,-1.253,0.896
2016-03-15,3175.95,0.374,0.909
2016-03-16,3175.88,-0.002,0.911
2016-03-17,3155.90,-0.629,0.913
2016-03-18,3087.39,-2.171,0.962
2016-03-19,3065.79,-0.7,0.938
2016-03-23,3050.31,-0.505,0.918
2016-03-24,3058.80,0.278,0.919
2016-03-29,3047.85,-0.358,0.89
2016-03-30,3052.33,0.147,0.892
2016-03-31,3022.35,-0.982,0.898
2016-04-01,3000.63,-0.719,0.877
2016-04-02,3038.48,1.261,0.925
2016-04-05,3066.94,0.937,0.89
2016-04-06,3085.82,0.616,0.909
2016-04-07,3081.39,-0.144,0.874
2016-04-08,3109.60,0.915,0.884
2016-04-09,3076.29,-1.071,0.897
2016-04-12,3057.96,-0.596,0.85
2016-04-13,3036.57,-0.699,0.845
2016-04-14,3006.35,-0.995,0.831
2016-04-15,3000.78,-0.185,0.818
2016-04-16,2999.38,-0.047,0.817
2016-04-19,2995.86,-0.117,0.814
2016-04-20,2912.20,-2.793,0.898
2016-04-21,2899.92,-0.422,0.894
2016-04-22,2928.70,0.992,0.935
2016-04-23,2939.70,0.376,0.938
2016-04-26,2962.08,0.761,0.961
2016-04-27,2945.37,-0.564,0.963
2016-04-28,2943.23,-0.073,0.944
2016-04-29,2885.72,-1.954,1.022
2016-04-30,2851.14,-1.198,0.985
2016-05-03,2833.78,-0.609,0.942
2016-05-04,2895.51,2.178,1.084
2016-05-05,2942.16,1.611,1.166
2016-05-06,2952.37,0.347,1.144
2016-05-07,2969.62,0.584,1.141
2016-05-11,2979.54,0.334,1.142
2016-05-12,2956.82,-0.763,1.144
2016-05-13,2934.88,-0.742,1.135
2016-05-14,2983.82,1.668,1.202
2016-05-17,3007.74,0.802,1.216
2016-05-18,3020.89,0.437,1.219
2016-05-19,3031.48,0.351,1.02
2016-05-20,3056.06,0.811,1.017
2016-05-21,3047.99,-0.264,1.009
2016-05-24,3058.25,0.337,1.009
2016-05-25,3059.92,0.055,1.0
2016-05-26,3061.89,0.064,0.986
2016-05-27,3054.60,-0.238,0.989
2016-05-28,3069.17,0.477,0.851
2016-06-01,3089.65,0.667,0.776
2016-06-02,3117.83,0.912,0.745
2016-06-03,3110.88,-0.223,0.644
2016-06-04,3017.71,-2.995,0.933
2016-06-08,2950.95,-2.212,1.067
2016-06-09,2905.23,-1.549,1.112
2016-06-10,2942.13,1.27,1.15
2016-06-11,2969.83,0.941,1.158
2016-06-14,2990.35,0.691,1.153
2016-06-15,3003.28,0.432,1.096
2016-06-16,2989.56,-0.457,1.086
2016-06-17,3019.12,0.989,1.105
2016-06-18,3010.91,-0.272,1.103
2016-06-21,2972.97,-1.26,1.118
2016-06-22,2976.29,0.112,1.118
2016-06-23,2944.06,-1.083,1.133
2016-06-24,2897.53,-1.58,1.173
2016-06-25,2972.92,2.602,1.337
2016-06-28,3022.78,1.677,1.397
2016-06-29,3005.18,-0.582,1.396
2016-06-30,2916.15,-2.963,1.522
2016-07-01,2919.01,0.098,1.499
2016-07-02,2914.38,-0.159,1.499
2016-07-06,2966.87,1.801,1.43
2016-07-07,3003.20,1.225,1.365
2016-07-08,2986.49,-0.556,1.319
2016-07-09,2952.64,-1.133,1.321
2016-07-12,2929.81,-0.773,1.314
2016-07-13,2911.91,-0.611,1.307
2016-07-14,2936.53,0.845,1.319
2016-07-15,2923.07,-0.458,1.319
2016-07-16,2923.46,0.013,1.295
2016-07-19,2928.30,0.166,1.296
2016-07-20,2931.08,0.095,1.269
2016-07-22,2928.67,-0.082,1.269
2016-07-23,2942.65,0.477,1.251
2016-07-26,2997.25,1.855,1.258
2016-07-27,3055.15,1.932,1.197
2016-07-28,3073.52,0.601,1.148
2016-07-29,3091.78,0.594,1.142
2016-07-30,3081.75,-0.324,0.887
2016-08-02,3090.28,0.277,0.886
2016-08-03,3084.81,-0.177,0.887
2016-08-04,3110.43,0.831,0.824
2016-08-05,3079.83,-0.984,0.833
2016-08-06,3052.80,-0.878,0.85
2016-08-09,2992.50,-1.975,0.932
2016-08-10,2974.31,-0.608,0.925
2016-08-11,2954.90,-0.653,0.926
2016-08-12,2911.26,-1.477,0.97
2016-08-13,2908.67,-0.089,0.965
2016-08-17,2905.30,-0.116,0.965
2016-08-18,2918.07,0.44,0.97
2016-08-19,2884.02,-1.167,1.003
2016-08-20,2867.37,-0.577,1.009
2016-08-23,2883.89,0.576,1.012
2016-08-24,2909.10,0.874,0.933
2016-08-25,2938.28,1.003,0.843
2016-08-26,2915.67,-0.769,0.831
2016-08-27,2882.69,-1.131,0.827
2016-08-30,2924.29,1.443,0.919
2016-08-31,2933.82,0.326,0.921
2016-09-01,2956.53,0.774,0.949
2016-09-02,2986.36,1.009,0.96
2016-09-03,2957.56,-0.964,0.959
2016-09-07,2887.64,-2.364,1.066
2016-09-08,2840.38,-1.637,1.04
2016-09-09,2846.13,0.202,1.042
2016-09-10,2899.29,1.868,1.134
2016-09-13,2942.29,1.483,1.137
2016-09-14,2976.19,1.152,1.162
2016-09-15,2972.65,-0.119,1.162
2016-09-16,2938.50,-1.149,1.193
2016-09-17,2956.58,0.615,1.164
2016-09-20,2928.18,-0.961,1.179
2016-09-21,2911.11,-0.583,1.184
2016-09-22,2894.15,-0.583,1.175
2016-09-23,2862.52,-1.093,1.173
2016-09-24,2917.95,1.936,1.248
2016-09-27,2917.58,-0.013,1.219
2016-09-28,2921.99,0.151,1.176
2016-09-29,2914.11,-0.27,1.175
2016-09-30,2879.95,-1.172,1.185
2016-10-01,2880.08,0.005,1.156
2016-10-04,2937.23,1.984,1.235
2016-10-05,2963.06,0.879,1.119
2016-10-06,2964.93,0.063,1.04
2016-10-07,2924.80,-1.353,1.098
2016-10-08,2913.96,-0.371,1.024
2016-10-12,2919.51,0.19,0.967
2016-10-13,2919.18,-0.011,0.926
2016-10-14,2930.78,0.397,0.932
2016-10-15,2915.67,-0.516,0.904
2016-10-19,2905.93,-0.334,0.893
2016-10-20,2914.15,0.283,0.871
2016-10-21,2934.03,0.682,0.874
2016-10-22,2944.25,0.348,0.864
2016-10-25,2929.83,-0.49,0.83
2016-10-26,2941.34,0.393,0.716
2016-10-27,2965.18,0.811,0.736
2016-10-28,2966.61,0.048,0.736
2016-10-29,2967.66,0.035,0.732
2016-11-01,2998.55,1.041,0.697
2016-11-02,3026.68,0.938,0.714
2016-11-03,3070.54,1.449,0.653
2016-11-04,3071.12,0.019,0.636
2016-11-05,3070.40,-0.023,0.637
2016-11-09,2984.78,-2.789,0.86
2016-11-10,3012.12,0.916,0.871
2016-11-11,3100.12,2.922,1.066
2016-11-16,3124.91,0.8,1.069
2016-11-17,3131.11,0.198,1.069
2016-11-18,3135.65,0.145,1.052
2016-11-19,3163.49,0.888,1.044
2016-11-22,3144.72,-0.593,1.069
2016-11-23,3139.76,-0.158,1.073
2016-11-24,3187.97,1.535,1.106
2016-11-26,3170.64,-0.544,1.108
2016-11-29,3142.20,-0.897,1.145
2016-11-30,3165.09,0.728,1.144
2016-12-01,3085.60,-2.511,1.309
2016-12-02,3068.34,-0.559,1.319
2016-12-03,3061.04,-0.238,1.306
2016-12-06,3049.47,-0.378,1.295
2016-12-07,3015.47,-1.115,1.276
2016-12-08,2989.71,-0.854,1.287
2016-12-10,3002.80,0.438,1.293
2016-12-13,2984.02,-0.625,1.138
2016-12-14,2982.29,-0.058,1.118
2016-12-15,2964.56,-0.595,0.877
2016-12-16,3000.47,1.211,0.907
2016-12-17,2997.20,-0.109,0.902
2016-12-20,3019.44,0.742,0.924
2016-12-21,2988.06,-1.039,0.907
2016-12-22,2989.14,0.036,0.906
2016-12-23,2996.03,0.231,0.913
2016-12-24,2996.60,0.019,0.816
2016-12-28,2992.81,-0.126,0.815
2016-12-29,3019.72,0.899,0.843
2016-12-30,3000.71,-0.63,0.819
2017-01-04,2981.06,-0.655,0.635
2017-01-05,2965.36,-0.527,0.634
2017-01-06,2941.08,-0.819,0.65
2017-01-07,2919.01,-0.75,0.661
2017-01-11,2949.60,1.048,0.683
2017-01-12,2980.80,1.058,0.706
2017-01-13,2930.19,-1.698,0.791
2017-01-14,2935.96,0.197,0.785
2017-01-18,2924.77,-0.381,0.788
2017-01-19,2934.58,0.335,0.784
2017-01-20,2938.24,0.125,0.728
2017-01-21,2927.91,-0.352,0.73
2017-01-24,2908.53,-0.662,0.71
2017-01-25,2932.01,0.807,0.713
2017-01-26,2927.53,-0.153,0.713
2017-01-27,2936.72,0.314,0.715
2017-01-28,2930.17,-0.223,0.715
2017-01-31,2936.66,0.221,0.719
2017-02-01,2921.90,-0.503,0.685
2017-02-02,2906.78,-0.517,0.681
2017-02-03,2882.20,-0.846,0.69
2017-02-04,2855.80,-0.916,0.706
2017-02-07,2853.99,-0.063,0.69
2017-02-08,2867.76,0.482,0.689
2017-02-09,2879.49,0.409,0.647
2017-02-10,2862.63,-0.586,0.591
2017-02-11,2851.98,-0.372,0.478
2017-02-14,2875.46,0.823,0.52
2017-02-15,2867.64,-0.272,0.517
2017-02-16,2876.03,0.293,0.515
2017-02-17,2875.68,-0.012,0.513
2017-02-18,2902.81,0.943,0.56
2017-02-22,2902.68,-0.004,0.541
2017-02-23,2893.55,-0.315,0.509
2017-02-24,2871.67,-0.756,0.532
2017-02-25,2886.52,0.517,0.542
2017-02-28,2896.27,0.338,0.549
2017-03-01,2919.17,0.791,0.578
2017-03-02,2935.75,0.568,0.581
2017-03-03,2960.91,0.857,0.595
2017-03-04,2977.43,0.558,0.56
2017-03-07,2966.67,-0.361,0.516
2017-03-08,2972.44,0.194,0.512
2017-03-09,2987.88,0.519,0.513
2017-03-10,3004.43,0.554,0.517
2017-03-11,2980.83,-0.786,0.535
2017-03-14,2987.93,0.238,0.518
2017-03-15,2997.73,0.328,0.5
2017-03-16,2972.61,-0.838,0.543
2017-03-17,2923.96,-1.637,0.677
2017-03-18,2912.53,-0.391,0.685
2017-03-22,2904.87,-0.263,0.656
2017-03-23,2936.82,1.1,0.7
2017-03-24,2921.25,-0.53,0.708
2017-03-25,2899.94,-0.729,0.706
2017-03-28,2913.48,0.467,0.704
2017-03-29,2911.99,-0.051,0.701
2017-03-30,2888.02,-0.823,0.702
2017-03-31,2880.24,-0.269,0.688
2017-04-01,2885.57,0.185,0.655
2017-04-04,2866.87,-0.648,0.644
2017-04-05,2869.32,0.085,0.645
2017-04-06,2857.65,-0.407,0.642
2017-04-07,2853.10,-0.159,0.619
2017-04-08,2858.00,0.172,0.6
2017-04-11,2867.13,0.319,0.598
2017-04-12,2868.60,0.051,0.593
2017-04-13,2872.55,0.138,0.585
2017-04-18,2854.89,-0.615,0.575
2017-04-19,2837.90,-0.595,0.477
2017-04-20,2856.48,0.655,0.505
2017-04-21,2863.39,0.242,0.509
2017-04-22,2868.89,0.192,0.434
2017-04-25,2871.98,0.108,0.425
2017-04-26,2899.13,0.945,0.455
2017-04-27,2928.07,0.998,0.497
2017-04-28,2944.31,0.555,0.511
2017-04-29,2947.85,0.12,0.467
2017-05-03,2945.53,-0.079,0.461
2017-05-04,2930.17,-0.521,0.482
2017-05-05,2967.44,1.272,0.519
2017-05-06,2961.78,-0.191,0.525
2017-05-09,2959.26,-0.085,0.512
2017-05-10,2967.24,0.27,0.506
2017-05-11,2949.35,-0.603,0.537
2017-05-12,2933.92,-0.523,0.556
2017-05-13,2918.69,-0.519,0.574
2017-05-16,2883.87,-1.193,0.641
2017-05-17,2873.22,-0.369,0.631
2017-05-18,2893.40,0.702,0.629
2017-05-19,2932.16,1.34,0.678
2017-05-20,2889.45,-1.457,0.764
2017-05-23,2895.12,0.196,0.764
2017-05-24,2904.61,0.328,0.767
2017-05-25,2905.29,0.023,0.738
2017-05-26,2911.66,0.219,0.703
2017-05-27,2913.47,0.062,0.69
2017-05-31,2920.42,0.239,0.692
2017-06-01,2921.00,0.02,0.692
2017-06-02,2895.73,-0.865,0.709
2017-06-03,2894.72,-0.035,0.637
2017-06-06,2895.85,0.039,0.637
2017-06-07,2893.76,-0.072,0.637
2017-06-08,2907.10,0.461,0.645
2017-06-09,2919.82,0.438,0.644
2017-06-10,2919.58,-0.008,0.634
2017-06-13,2929.20,0.329,0.628
2017-06-14,2933.13,0.134,0.559
2017-06-15,2924.75,-0.286,0.556
2017-06-16,2953.83,0.994,0.576
2017-06-17,2961.68,0.266,0.5
2017-06-21,3029.53,2.291,0.598
2017-06-22,3053.90,0.804,0.611
2017-06-23,3035.83,-0.592,0.64
2017-06-24,3010.68,-0.828,0.681
2017-06-28,3025.28,0.485,0.685
2017-06-29,3023.64,-0.054,0.686
2017-06-30,3038.26,0.484,0.689
2017-07-01,3050.43,0.401,0.689
2017-07-06,3068.93,0.606,0.645
2017-07-07,3084.19,0.497,0.641
2017-07-08,3092.65,0.274,0.638
2017-07-11,3067.33,-0.819,0.683
2017-07-12,3067.73,0.013,0.685
2017-07-13,3052.30,-0.503,0.705
2017-07-14,3043.60,-0.285,0.712
2017-07-15,3019.56,-0.79,0.746
2017-07-18,3030.60,0.366,0.747
2017-07-19,3013.26,-0.572,0.759
2017-07-20,3010.00,-0.108,0.734
2017-07-22,3010.77,0.026,0.733
2017-07-25,3023.67,0.428,0.528
2017-07-26,3026.55,0.095,0.493
2017-07-27,3026.22,-0.011,0.476
2017-07-28,3002.94,-0.769,0.471
2017-07-29,2995.23,-0.257,0.458
2017-08-01,2997.59,0.079,0.459
2017-08-02,2973.03,-0.819,0.473
2017-08-03,2964.66,-0.282,0.459
2017-08-04,2954.54,-0.341,0.425
2017-08-05,2974.39,0.672,0.441
2017-08-09,2994.62,0.68,0.472
2017-08-10,3011.14,0.552,0.471
2017-08-11,2994.85,-0.541,0.48
2017-08-12,2984.99,-0.329,0.475
2017-08-15,2966.54,-0.618,0.487
2017-08-16,2974.70,0.275,0.468
2017-08-17,2967.32,-0.248,0.458
2017-08-18,2980.03,0.428,0.459
2017-08-19,2994.39,0.482,0.474
2017-08-23,2986.83,-0.252,0.476
2017-08-24,2986.88,0.002,0.464
2017-08-25,2972.98,-0.465,0.471
2017-08-26,2933.96,-1.312,0.544
2017-08-29,2934.23,0.009,0.525
2017-08-30,2940.35,0.209,0.529
2017-08-31,2937.09,-0.111,0.527
2017-09-01,2948.09,0.375,0.509
2017-09-02,2936.07,-0.408,0.513
2017-09-06,2923.49,-0.428,0.516
2017-09-07,2919.50,-0.136,0.487
2017-09-08,2907.96,-0.395,0.455
2017-09-09,2909.15,0.041,0.428
2017-09-12,2916.10,0.239,0.428
2017-09-13,2923.03,0.238,0.433
2017-09-14,2909.52,-0.462,0.424
2017-09-15,2905.98,-0.122,0.415
2017-09-16,2897.83,-0.28,0.416
2017-09-19,2906.06,0.284,0.407
2017-09-20,2904.60,-0.05,0.382
2017-09-21,2893.18,-0.393,0.385
2017-09-22,2913.96,0.718,0.431
2017-09-23,2900.73,-0.454,0.431
2017-09-26,2924.57,0.822,0.382
2017-09-27,2930.70,0.21,0.385
2017-09-28,2940.66,0.34,0.39
2017-09-29,2941.07,0.014,0.389
2017-09-30,2936.67,-0.15,0.381
2017-10-03,2949.33,0.431,0.382
2017-10-04,2953.81,0.152,0.368
2017-10-05,2945.59,-0.278,0.373
2017-10-06,2926.82,-0.637,0.391
2017-10-07,2942.19,0.525,0.407
2017-10-11,2947.06,0.166,0.405
2017-10-12,2953.77,0.228,0.405
2017-10-13,2949.69,-0.138,0.389
2017-10-14,2932.05,-0.598,0.415
2017-10-18,2944.27,0.417,0.416
2017-10-19,2935.66,-0.292,0.421
2017-10-20,2921.92,-0.468,0.436
2017-10-21,2936.66,0.504,0.437
2017-10-24,2947.69,0.376,0.416
2017-10-25,2971.36,0.803,0.43
2017-10-26,2989.39,0.607,0.414
2017-10-27,3008.80,0.649,0.43
2017-10-28,3009.85,0.035,0.428
2017-10-31,3011.44,0.053,0.428
2017-11-01,3039.19,0.921,0.458
2017-11-02,3038.56,-0.021,0.456
2017-11-03,3054.38,0.521,0.463
2017-11-04,3055.57,0.039,0.453
2017-11-08,3026.94,-0.937,0.485
2017-11-09,3017.78,-0.303,0.488
2017-11-10,3015.52,-0.075,0.49
2017-11-11,3004.88,-0.353,0.501
2017-11-15,3016.70,0.393,0.502
2017-11-16,3023.88,0.238,0.474
2017-11-17,3015.79,-0.268,0.478
2017-11-18,3003.19,-0.418,0.485
2017-11-21,3011.32,0.271,0.466
2017-11-22,3001.07,-0.34,0.471
2017-11-23,2982.73,-0.611,0.492
2017-11-25,2976.39,-0.213,0.463
2017-11-28,2986.84,0.351,0.449
2017-11-29,3003.94,0.573,0.444
2017-11-30,3006.09,0.072,0.444
2017-12-01,3006.04,-0.002,0.444
2017-12-02,3005.76,-0.009,0.386
2017-12-05,2993.49,-0.408,0.394
2017-12-06,2996.53,0.102,0.371
2017-12-07,3007.07,0.352,0.384
2017-12-08,3016.18,0.303,0.335
2017-12-12,3013.99,-0.073,0.328
2017-12-13,3029.75,0.523,0.348
2017-12-14,3015.41,-0.473,0.356
2017-12-15,2999.07,-0.542,0.366
2017-12-16,2996.61,-0.082,0.36
2017-12-19,2975.59,-0.701,0.386
2017-12-20,2972.05,-0.119,0.378
2017-12-21,2965.77,-0.211,0.372
2017-12-22,2963.58,-0.074,0.366
2017-12-23,2962.14,-0.049,0.343
2017-12-27,2962.26,0.004,0.34
2017-12-28,2971.63,0.316,0.338
2017-12-29,2984.00,0.416,0.325
2018-01-03,2940.94,-1.443,0.452
2018-01-04,2908.68,-1.097,0.502
2018-01-05,2885.76,-0.788,0.519
2018-01-06,2898.32,0.435,0.535
2018-01-10,2914.37,0.554,0.556
2018-01-11,2895.69,-0.641,0.554
2018-01-12,2865.79,-1.033,0.572
2018-01-13,2855.86,-0.347,0.571
2018-01-17,2868.03,0.426,0.564
2018-01-18,2851.13,-0.589,0.567
2018-01-19,2836.85,-0.501,0.566
2018-01-20,2851.75,0.525,0.593
2018-01-23,2854.20,0.086,0.587
2018-01-24,2858.50,0.151,0.592
2018-01-25,2820.53,-1.328,0.645
2018-01-26,2783.13,-1.326,0.686
2018-01-27,2805.12,0.79,0.727
2018-01-30,2842.67,1.339,0.81
2018-01-31,2844.14,0.052,0.804
2018-02-01,2835.05,-0.32,0.79
2018-02-02,2806.67,-1.001,0.76
2018-02-03,2832.13,0.907,0.772
2018-02-06,2843.60,0.405,0.765
2018-02-07,2844.83,0.043,0.756
2018-02-08,2830.89,-0.49,0.745
2018-02-09,2862.78,1.127,0.787
2018-02-10,2908.70,1.604,0.834
2018-02-13,2904.29,-0.152,0.829
2018-02-14,2904.71,0.014,0.826
2018-02-15,2895.79,-0.307,0.816
2018-02-16,2851.74,-1.521,0.884
2018-02-17,2853.16,0.05,0.876
2018-02-21,2862.01,0.31,0.878
2018-02-22,2877.94,0.557,0.886
2018-02-23,2877.04,-0.031,0.827
2018-02-24,2849.59,-0.954,0.796
2018-02-27,2849.91,0.011,0.781
2018-02-28,2855.93,0.211,0.724
2018-03-01,2867.94,0.421,0.729
2018-03-02,2879.05,0.387,0.728
2018-03-03,2879.15,0.003,0.683
2018-03-06,2859.09,-0.697,0.681
2018-03-07,2845.05,-0.491,0.686
2018-03-08,2858.88,0.486,0.694
2018-03-09,2871.36,0.437,0.689
2018-03-10,2866.93,-0.154,0.644
2018-03-13,2851.84,-0.526,0.533
2018-03-14,2848.38,-0.121,0.532
2018-03-15,2845.76,-0.092,0.532
2018-03-16,2850.04,0.15,0.532
2018-03-17,2852.48,0.086,0.41
2018-03-21,2866.92,0.506,0.426
2018-03-22,2850.69,-0.566,0.439
2018-03-23,2857.88,0.252,0.423
2018-03-24,2849.01,-0.31,0.428
2018-03-27,2816.33,-1.147,0.451
2018-03-28,2780.04,-1.289,0.528
2018-03-29,2780.47,0.015,0.523
2018-04-03,2792.96,0.449,0.525
2018-04-04,2778.27,-0.526,0.517
2018-04-05,2791.57,0.479,0.536
2018-04-06,2787.36,-0.151,0.521
2018-04-07,2791.88,0.162,0.517
2018-04-10,2781.95,-0.356,0.501
2018-04-11,2767.82,-0.508,0.489
2018-04-12,2733.24,-1.249,0.544
2018-04-13,2710.03,-0.849,0.558
2018-04-14,2705.34,-0.173,0.557
2018-04-17,2726.47,0.781,0.603
2018-04-18,2725.66,-0.03,0.599
2018-04-19,2705.64,-0.735,0.604
2018-04-20,2724.47,0.696,0.618
2018-04-21,2757.96,1.229,0.696
2018-04-24,2799.45,1.504,0.786
2018-04-25,2785.22,-0.508,0.79
2018-04-26,2820.29,1.259,0.807
2018-04-27,2812.83,-0.265,0.75
2018-04-28,2806.28,-0.233,0.753
2018-05-01,2809.92,0.13,0.748
2018-05-03,2831.99,0.785,0.754
2018-05-04,2857.85,0.913,0.771
2018-05-05,2843.41,-0.505,0.782
2018-05-08,2817.20,-0.922,0.814
2018-05-09,2866.00,1.732,0.89
2018-05-10,2859.51,-0.226,0.881
2018-05-11,2822.37,-1.299,0.886
2018-05-12,2824.05,0.06,0.854
2018-05-16,2889.87,2.331,0.97
2018-05-17,2865.37,-0.848,0.999
2018-05-18,2886.23,0.728,1.002
2018-05-19,2925.67,1.366,0.999
2018-05-22,2897.37,-0.967,1.041
2018-05-23,2851.42,-1.586,1.099
2018-05-24,2863.24,0.415,1.056
2018-05-25,2863.12,-0.004,1.046
2018-05-26,2887.16,0.84,1.026
2018-05-30,2893.82,0.231,1.023
2018-05-31,2879.32,-0.501,1.03
2018-06-01,2889.32,0.347,1.031
2018-06-02,2868.22,-0.73,1.037
2018-06-06,2865.37,-0.099,1.018
2018-06-07,2828.42,-1.29,1.054
2018-06-08,2835.78,0.26,1.033
2018-06-09,2855.80,0.706,0.968
2018-06-13,2857.11,0.046,0.967
2018-06-14,2859.17,0.072,0.917
2018-06-15,2859.78,0.021,0.917
2018-06-16,2890.06,1.059,0.787
2018-06-19,2919.14,1.006,0.791
2018-06-20,2931.78,0.433,0.781
2018-06-21,2916.49,-0.522,0.73
2018-06-22,2944.82,0.971,0.725
2018-06-23,2918.22,-0.903,0.655
2018-06-26,2927.67,0.324,0.653
2018-06-27,2924.10,-0.122,0.655
2018-06-28,2934.91,0.37,0.635
2018-06-29,2945.09,0.347,0.637
2018-06-30,2930.80,-0.485,0.637
2018-07-04,2909.83,-0.716,0.658
2018-07-06,2885.53,-0.835,0.665
2018-07-07,2867.94,-0.61,0.68
2018-07-10,2881.09,0.459,0.614
2018-07-11,2872.62,-0.294,0.618
2018-07-12,2880.10,0.26,0.602
2018-07-13,2882.02,0.067,0.602
2018-07-14,2861.70,-0.705,0.625
2018-07-17,2868.96,0.254,0.627
2018-07-18,2878.28,0.325,0.583
2018-07-19,2876.93,-0.047,0.531
2018-07-20,2883.81,0.239,0.523
2018-07-24,2897.73,0.483,0.526
2018-07-25,2898.36,0.022,0.471
2018-07-26,2882.84,-0.535,0.443
2018-07-27,2886.21,0.117,0.436
2018-07-28,2880.79,-0.188,0.437
2018-07-31,2875.72,-0.176,0.425
2018-08-01,2886.80,0.385,0.427
2018-08-02,2892.62,0.202,0.422
2018-08-03,2904.90,0.425,0.406
2018-08-04,2898.99,-0.203,0.36
2018-08-07,2898.86,-0.004,0.328
2018-08-09,2908.90,0.346,0.322
2018-08-10,2919.44,0.362,0.319
2018-08-11,2940.95,0.737,0.349
2018-08-14,2983.93,1.461,0.462
2018-08-15,3002.66,0.628,0.423
2018-08-16,3046.76,1.469,0.504
2018-08-17,3019.55,-0.893,0.57
2018-08-18,3024.02,0.148,0.567
2018-08-22,2990.78,-1.099,0.642
2018-08-23,2965.45,-0.847,0.678
2018-08-24,2980.64,0.512,0.683
2018-08-25,2958.45,-0.744,0.695
2018-08-28,2934.31,-0.816,0.727
2018-08-29,2966.00,1.08,0.757
2018-08-30,2999.57,1.132,0.783
2018-08-31,3027.39,0.927,0.799
2018-09-01,3053.14,0.851,0.81
2018-09-05,3088.47,1.157,0.833
2018-09-06,3100.37,0.385,0.825
2018-09-07,3089.47,-0.352,0.836
2018-09-08,3070.15,-0.625,0.862
2018-09-11,3069.49,-0.021,0.864
2018-09-12,3087.73,0.594,0.861
2018-09-13,3055.01,-1.06,0.858
2018-09-14,3019.38,-1.166,0.895
2018-09-15,3026.05,0.221,0.831
2018-09-18,3013.38,-0.419,0.812
2018-09-19,3007.03,-0.211,0.812
2018-09-20,3018.63,0.386,0.776
2018-09-21,3014.18,-0.147,0.749
2018-09-22,3006.96,-0.24,0.745
2018-09-25,2991.90,-0.501,0.733
2018-09-26,3001.88,0.334,0.706
2018-09-27,3000.14,-0.058,0.669
2018-09-28,2989.58,-0.352,0.624
2018-09-29,2972.18,-0.582,0.595
2018-10-02,2993.74,0.725,0.585
2018-10-03,3005.50,0.393,0.52
2018-10-04,3012.65,0.238,0.513
2018-10-05,3028.16,0.515,0.531
2018-10-06,3031.31,0.104,0.518
2018-10-10,3057.55,0.866,0.558
2018-10-11,3090.30,1.071,0.595
2018-10-12,3087.34,-0.096,0.54
2018-10-13,3088.78,0.047,0.458
2018-10-17,3055.93,-1.064,0.527
2018-10-18,3056.37,0.014,0.515
2018-10-19,3088.47,1.05,0.555
2018-10-20,3079.88,-0.278,0.559
2018-10-23,3087.58,0.25,0.556
2018-10-24,3110.20,0.733,0.566
2018-10-25,3149.70,1.27,0.593
2018-10-26,3167.18,0.555,0.596
2018-10-27,3185.26,0.571,0.595
2018-10-30,3188.69,0.108,0.577
2018-10-31,3202.44,0.431,0.536
2018-11-01,3219.85,0.544,0.531
2018-11-02,3193.80,-0.809,0.593
2018-11-03,3177.57,-0.508,0.62
2018-11-07,3154.55,-0.724,0.655
2018-11-08,3140.25,-0.453,0.671
2018-11-09,3145.39,0.164,0.652
2018-11-10,3176.89,1.001,0.647
2018-11-14,3197.20,0.639,0.653
2018-11-15,3194.70,-0.078,0.655
2018-11-16,3198.29,0.112,0.588
2018-11-17,3173.59,-0.772,0.628
2018-11-20,3178.81,0.164,0.594
2018-11-21,3189.51,0.337,0.587
2018-11-22,3196.26,0.212,0.587
2018-11-24,3223.95,0.866,0.594
2018-11-27,3240.65,0.518,0.544
2018-11-28,3250.56,0.306,0.536
2018-11-29,3274.47,0.736,0.545
2018-11-30,3240.02,-1.052,0.607
2018-12-01,3235.27,-0.147,0.603
2018-12-04,3196.15,-1.209,0.653
2018-12-05,3174.11,-0.69,0.646
2018-12-06,3162.29,-0.372,0.641
2018-12-07,3187.86,0.809,0.645
2018-12-08,3153.29,-1.084,0.685
2018-12-11,3176.12,0.724,0.702
2018-12-12,3184.70,0.27,0.668
2018-12-13,3169.36,-0.482,0.66
2018-12-14,3178.40,0.285,0.664
2018-12-15,3196.30,0.563,0.677
2018-12-18,3188.66,-0.239,0.655
2018-12-19,3198.45,0.307,0.657
2018-12-20,3216.55,0.566,0.665
2018-12-21,3246.86,0.942,0.694
2018-12-22,3285.34,1.185,0.716
2018-12-25,3285.51,0.005,0.709
2018-12-27,3289.69,0.127,0.707
2018-12-28,3275.01,-0.446,0.697
2018-12-29,3249.75,-0.771,0.678
2019-01-03,3250.01,0.008,0.677
2019-01-04,3241.20,-0.271,0.616
2019-01-05,3208.56,-1.007,0.641
2019-01-09,3164.75,-1.365,0.71
2019-01-10,3128.07,-1.159,0.729
2019-01-11,3136.49,0.269,0.694
2019-01-12,3151.49,0.478,0.682
2019-01-15,3143.22,-0.262,0.68
2019-01-16,3137.66,-0.177,0.674
2019-01-17,3124.96,-0.405,0.673
2019-01-18,3140.19,0.487,0.67
2019-01-19,3120.56,-0.625,0.68
2019-01-23,3136.59,0.514,0.688
2019-01-24,3146.14,0.304,0.677
2019-01-25,3160.52,0.457,0.646
2019-01-26,3150.58,-0.315,0.567
2019-01-29,3167.86,0.548,0.59
2019-01-30,3157.52,-0.326,0.586
2019-01-31,3163.46,0.188,0.59
2019-02-01,3115.70,-1.51,0.649
2019-02-02,3102.61,-0.42,0.649
2019-02-05,3089.40,-0.426,0.65
2019-02-06,3094.05,0.151,0.629
2019-02-07,3108.54,0.468,0.579
2019-02-08,3110.46,0.062,0.522
2019-02-09,3115.94,0.176,0.519
2019-02-12,3132.61,0.535,0.522
2019-02-13,3131.10,-0.048,0.519
2019-02-14,3135.56,0.142,0.519
2019-02-15,3155.27,0.629,0.528
2019-02-16,3141.40,-0.44,0.529
2019-02-20,3118.36,-0.733,0.536
2019-02-21,3112.18,-0.198,0.523
2019-02-22,3119.42,0.233,0.521
2019-02-23,3110.29,-0.293,0.51
2019-02-26,3101.41,-0.286,0.51
2019-02-27,3095.29,-0.197,0.488
2019-02-28,3072.01,-0.752,0.507
2019-03-01,3077.35,0.174,0.506
2019-03-02,3091.49,0.459,0.407
2019-03-05,3093.79,0.074,0.397
2019-03-06,3099.12,0.172,0.387
2019-03-07,3106.16,0.227,0.389
2019-03-08,3120.04,0.447,0.388
2019-03-09,3162.40,1.358,0.49
2019-03-12,3168.35,0.188,0.49
2019-03-13,3153.20,-0.478,0.493
2019-03-14,3145.53,-0.243,0.497
2019-03-15,3144.42,-0.035,0.496
2019-03-16,3123.28,-0.672,0.497
2019-03-19,3102.25,-0.673,0.509
2019-03-20,3095.39,-0.221,0.486
2019-03-21,3092.39,-0.097,0.485
2019-03-22,3082.45,-0.321,0.485
2019-03-23,3126.19,1.419,0.583
2019-03-27,3145.55,0.619,0.592
2019-03-28,3186.43,1.3,0.648
2019-03-29,3190.94,0.142,0.613
2019-03-30,3174.79,-0.506,0.632
2019-04-02,3146.81,-0.881,0.669
2019-04-03,3143.36,-0.11,0.67
2019-04-04,3128.47,-0.474,0.681
2019-04-05,3132.78,0.138,0.68
2019-04-06,3126.20,-0.21,0.676
2019-04-09,3115.22,-0.351,0.6
2019-04-10,3105.20,-0.322,0.599
2019-04-11,3095.66,-0.307,0.595
2019-04-12,3113.91,0.59,0.613
2019-04-13,3109.32,-0.147,0.613
2019-04-16,3136.69,0.88,0.629
2019-04-17,3160.87,0.771,0.627
2019-04-18,3160.48,-0.012,0.624
2019-04-23,3149.99,-0.332,0.63
2019-04-24,3177.94,0.887,0.646
2019-04-25,3213.23,1.11,0.617
2019-04-26,3237.98,0.77,0.624
2019-04-27,3227.79,-0.315,0.569
2019-04-30,3247.72,0.617,0.582
2019-05-01,3233.97,-0.423,0.578
2019-05-03,3262.17,0.872,0.555
2019-05-04,3240.44,-0.666,0.583
2019-05-07,3254.03,0.419,0.567
2019-05-08,3288.81,1.069,0.599
2019-05-09,3290.12,0.04,0.591
2019-05-10,3293.62,0.106,0.575
2019-05-11,3274.30,-0.587,0.592
2019-05-14,3299.01,0.755,0.586
2019-05-15,3285.14,-0.42,0.605
2019-05-16,3295.51,0.316,0.597
2019-05-17,3290.27,-0.159,0.588
2019-05-18,3313.72,0.713,0.585
2019-05-21,3342.21,0.86,0.598
2019-05-22,3344.45,0.067,0.583
2019-05-23,3340.96,-0.104,0.573
2019-05-24,3368.76,0.832,0.554
2019-05-25,3358.84,-0.294,0.551
2019-05-29,3362.48,0.108,0.539
2019-05-30,3375.29,0.381,0.532
2019-05-31,3357.82,-0.518,0.538
2019-06-01,3377.16,0.576,0.522
2019-06-05,3306.37,-2.096,0.708
2019-06-06,3296.87,-0.287,0.709
2019-06-07,3288.69,-0.248,0.671
2019-06-08,3274.72,-0.425,0.678
2019-06-11,3257.06,-0.539,0.687
2019-06-12,3249.56,-0.23,0.677
2019-06-13,3264.47,0.459,0.662
2019-06-14,3266.72,0.069,0.656
2019-06-15,3270.70,0.122,0.653
2019-06-18,3286.63,0.487,0.662
2019-06-19,3264.98,-0.659,0.655
2019-06-20,3248.91,-0.492,0.623
2019-06-21,3202.01,-1.444,0.685
2019-06-22,3191.17,-0.339,0.685
2019-06-26,3187.15,-0.126,0.639
2019-06-27,3177.94,-0.289,0.639
2019-06-28,3197.23,0.607,0.664
2019-06-29,3205.67,0.264,0.658
2019-07-03,3211.06,0.168,0.662
2019-07-04,3206.92,-0.129,0.635
2019-07-06,3217.18,0.32,0.477
2019-07-09,3207.66,-0.296,0.477
2019-07-10,3223.67,0.499,0.497
2019-07-11,3212.91,-0.334,0.494
2019-07-12,3197.50,-0.48,0.492
2019-07-13,3190.33,-0.224,0.492
2019-07-16,3190.66,0.01,0.475
2019-07-17,3199.72,0.284,0.482
2019-07-18,3189.21,-0.328,0.481
2019-07-19,3183.01,-0.194,0.459
2019-07-20,3169.51,-0.424,0.449
2019-07-23,3177.76,0.26,0.45
2019-07-24,3188.01,0.323,0.332
2019-07-25,3194.67,0.209,0.327
2019-07-26,3213.09,0.577,0.349
2019-07-27,3233.26,0.628,0.364
2019-07-30,3262.81,0.914,0.392
2019-07-31,3296.85,1.043,0.444
2019-08-01,3291.79,-0.153,0.449
2019-08-02,3329.23,1.137,0.498
2019-08-03,3365.78,1.098,0.537
2019-08-06,3459.47,2.784,0.77
2019-08-07,3431.28,-0.815,0.815
2019-08-09,3394.61,-1.069,0.861
2019-08-10,3382.71,-0.351,0.855
2019-08-13,3436.26,1.583,0.893
2019-08-14,3407.76,-0.829,0.93
2019-08-15,3449.27,1.218,0.951
2019-08-16,3447.76,-0.044,0.942
2019-08-17,3441.40,-0.184,0.941
2019-08-21,3420.99,-0.593,0.95
2019-08-22,3385.28,-1.044,1.002
2019-08-23,3376.99,-0.245,1.01
2019-08-24,3399.95,0.68,1.014
2019-08-27,3432.85,0.968,1.023
2019-08-28,3457.89,0.729,1.024
2019-08-29,3477.53,0.568,1.017
2019-08-30,3464.15,-0.385,1.014
2019-08-31,3427.29,-1.064,1.053
2019-09-04,3438.61,0.33,1.031
2019-09-05,3401.04,-1.093,1.043
2019-09-06,3377.39,-0.695,0.833
2019-09-07,3361.70,-0.465,0.821
2019-09-10,3368.80,0.211,0.791
2019-09-11,3373.75,0.147,0.789
2019-09-12,3372.48,-0.038,0.694
2019-09-13,3359.20,-0.394,0.676
2019-09-14,3356.15,-0.091,0.604
2019-09-17,3364.43,0.247,0.61
2019-09-18,3380.92,0.49,0.625
2019-09-19,3377.79,-0.093,0.613
2019-09-20,3377.72,-0.002,0.568
2019-09-21,3402.32,0.728,0.588
2019-09-24,3437.78,1.042,0.614
2019-09-25,3438.66,0.026,0.576
2019-09-26,3451.02,0.359,0.557
2019-09-27,3435.71,-0.444,0.548
2019-09-28,3462.01,0.765,0.571
2019-10-01,3477.45,0.446,0.521
2019-10-02,3491.29,0.398,0.523
2019-10-03,3497.34,0.173,0.445
2019-10-04,3467.60,-0.85,0.461
2019-10-05,3430.28,-1.076,0.52
2019-10-08,3445.76,0.451,0.525
2019-10-09,3452.57,0.198,0.525
2019-10-10,3454.56,0.058,0.524
2019-10-11,3458.42,0.112,0.51
2019-10-12,3431.46,-0.78,0.549
2019-10-16,3451.33,0.579,0.558
2019-10-17,3459.55,0.238,0.552
2019-10-18,3465.35,0.168,0.55
2019-10-19,3428.63,-1.06,0.611
2019-10-22,3442.78,0.413,0.597
2019-10-23,3430.30,-0.362,0.557
2019-10-24,3409.29,-0.612,0.573
2019-10-25,3387.72,-0.633,0.579
2019-10-26,3395.25,0.222,0.577
2019-10-29,3382.19,-0.385,0.547
2019-10-30,3380.90,-0.038,0.531
2019-10-31,3389.94,0.267,0.525
2019-11-01,3383.29,-0.196,0.52
2019-11-02,3339.19,-1.303,0.56
2019-11-06,3318.47,-0.621,0.53
2019-11-07,3319.64,0.035,0.513
2019-11-08,3327.02,0.222,0.514
2019-11-09,3341.01,0.42,0.529
2019-11-13,3384.21,1.293,0.62
2019-11-14,3441.89,1.704,0.719
2019-11-15,3452.67,0.313,0.71
2019-11-16,3421.26,-0.91,0.736
2019-11-19,3447.74,0.774,0.758
2019-11-20,3434.49,-0.384,0.723
2019-11-21,3445.95,0.334,0.721
2019-11-22,3440.66,-0.154,0.717
2019-11-23,3410.77,-0.869,0.731
2019-11-26,3433.94,0.679,0.73
2019-11-27,3469.01,1.021,0.76
2019-11-28,3502.92,0.978,0.774
2019-11-30,3522.48,0.558,0.777
2019-12-03,3508.39,-0.4,0.788
2019-12-04,3506.67,-0.049,0.785
2019-12-05,3478.57,-0.801,0.742
2019-12-06,3459.97,-0.535,0.737
2019-12-07,3430.31,-0.857,0.775
2019-12-10,3418.48,-0.345,0.783
2019-12-11,3418.61,0.004,0.781
2019-12-12,3387.73,-0.903,0.761
2019-12-13,3372.23,-0.458,0.653
2019-12-14,3374.29,0.061,0.647
2019-12-17,3364.24,-0.298,0.621
2019-12-18,3347.86,-0.487,0.593
2019-12-19,3329.98,-0.534,0.597
2019-12-20,3322.38,-0.228,0.586
2019-12-21,3325.47,0.093,0.59
2019-12-24,3316.92,-0.257,0.567
2019-12-25,3305.84,-0.334,0.534
2019-12-27,3281.40,-0.739,0.465
2019-12-28,3294.05,0.386,0.394
2019-12-31,3277.14,-0.513,0.34
2020-01-03,3258.84,-0.558,0.343
2020-01-04,3262.05,0.099,0.351
2020-01-08,3264.26,0.068,0.348
2020-01-09,3254.42,-0.301,0.344
2020-01-10,3253.89,-0.016,0.323
2020-01-11,3272.62,0.576,0.373
2020-01-14,3288.05,0.471,0.401
2020-01-15,3278.83,-0.28,0.366
2020-01-16,3296.74,0.546,0.391
2020-01-17,3313.40,0.505,0.414
2020-01-18,3320.77,0.222,0.416
2020-01-22,3347.91,0.817,0.447
2020-01-23,3337.77,-0.303,0.436
2020-01-24,3353.76,0.479,0.444
2020-01-25,3366.01,0.365,0.449
2020-01-28,3398.40,0.962,0.485
2020-01-29,3392.60,-0.171,0.478
2020-01-30,3395.10,0.074,0.433
2020-01-31,3411.45,0.482,0.436
2020-02-01,3423.24,0.346,0.406
2020-02-04,3401.56,-0.633,0.414
2020-02-05,3368.87,-0.961,0.49
2020-02-06,3355.44,-0.399,0.506
2020-02-07,3378.43,0.685,0.509
2020-02-08,3408.35,0.886,0.529
2020-02-11,3440.96,0.957,0.548
2020-02-12,3432.89,-0.235,0.556
2020-02-13,3394.80,-1.11,0.622
2020-02-14,3385.11,-0.285,0.624
2020-02-15,3378.29,-0.201,0.622
2020-02-19,3410.24,0.946,0.65
2020-02-20,3400.98,-0.272,0.635
2020-02-21,3403.50,0.074,0.629
2020-02-22,3398.05,-0.16,0.625
2020-02-25,3431.60,0.987,0.655
2020-02-26,3425.22,-0.186,0.625
2020-02-27,3441.88,0.486,0.631
2020-02-28,3507.11,1.895,0.751
2020-02-29,3539.86,0.934,0.767
2020-03-03,3512.17,-0.782,0.796
2020-03-04,3455.56,-1.612,0.872
2020-03-05,3458.45,0.084,0.837
2020-03-06,3522.41,1.849,0.909
2020-03-07,3584.58,1.765,0.967
2020-03-10,3803.60,6.11,1.619
2020-03-11,3780.39,-0.61,1.637
2020-03-12,3835.15,1.449,1.641
2020-03-13,4034.66,5.202,1.889
2020-03-14,3941.92,-2.299,2.005
2020-03-17,4099.93,4.008,2.114
2020-03-18,4044.55,-1.351,2.178
2020-03-19,4128.38,2.073,2.176
2020-03-20,4153.91,0.618,2.168
2020-03-21,4079.96,-1.78,2.243
2020-03-25,4104.90,0.611,2.244
2020-03-26,4086.34,-0.452,2.252
2020-03-27,3995.83,-2.215,2.357
2020-03-28,4042.80,1.175,2.345
2020-03-31,4064.81,0.544,2.345
2020-04-01,4054.54,-0.253,2.33
2020-04-02,4081.06,0.654,2.263
2020-04-03,4065.50,-0.381,2.274
2020-04-04,4008.78,-1.395,2.313
2020-04-07,3978.38,-0.758,2.319
2020-04-08,3910.15,-1.715,1.965
2020-04-09,3886.79,-0.597,1.964
2020-04-14,3870.31,-0.424,1.944
2020-04-15,3858.21,-0.313,1.522
2020-04-16,3920.83,1.623,1.491
2020-04-17,3942.92,0.563,1.165
2020-04-18,3973.06,0.764,1.15
2020-04-21,3967.76,-0.133,1.033
2020-04-22,4045.01,1.947,1.126
2020-04-23,4037.95,-0.175,1.057
2020-04-24,4020.94,-0.421,1.048
2020-04-25,4039.87,0.471,1.052
2020-04-28,4039.83,-0.001,0.921
2020-04-29,4046.04,0.154,0.883
2020-04-30,3983.29,-1.551,0.939
2020-05-01,3932.72,-1.27,0.975
2020-05-05,3990.10,1.459,1.025
2020-05-06,3926.07,-1.605,1.077
2020-05-07,3961.66,0.907,1.062
2020-05-08,3924.54,-0.937,1.069
2020-05-09,3882.27,-1.077,1.026
2020-05-12,3901.34,0.491,1.023
2020-05-13,3880.48,-0.535,1.026
2020-05-14,3901.30,0.537,1.029
2020-05-15,3947.79,1.192,0.999
2020-05-16,3926.06,-0.55,0.999
2020-05-19,3851.07,-1.91,1.066
2020-05-20,3824.30,-0.695,1.073
2020-05-21,3804.12,-0.528,0.95
2020-05-22,3774.25,-0.785,0.956
2020-05-23,3782.66,0.223,0.963
2020-05-27,3725.56,-1.51,0.982
2020-05-28,3743.79,0.489,0.998
2020-05-29,3723.42,-0.544,0.991
2020-05-30,3718.82,-0.124,0.955
2020-06-02,3716.35,-0.066,0.931
2020-06-03,3651.42,-1.747,0.891
2020-06-04,3588.89,-1.712,0.899
2020-06-05,3597.47,0.239,0.857
2020-06-06,3565.06,-0.901,0.856
2020-06-09,3599.00,0.952,0.901
2020-06-10,3643.02,1.223,0.951
2020-06-11,3674.81,0.873,0.987
2020-06-12,3746.46,1.95,1.093
2020-06-13,3758.15,0.312,1.051
2020-06-17,3741.88,-0.433,1.049
2020-06-18,3749.03,0.191,0.975
2020-06-19,3760.22,0.298,0.97
2020-06-20,3733.27,-0.717,0.976
2020-06-24,3706.06,-0.729,0.974
2020-06-25,3722.27,0.437,0.978
2020-06-26,3735.93,0.367,0.922
2020-06-27,3758.91,0.615,0.926
2020-07-01,3756.28,-0.07,0.916
2020-07-02,3723.67,-0.868,0.939
2020-07-03,3660.18,-1.705,1.014
2020-07-04,3645.90,-0.39,0.939
2020-07-07,3633.32,-0.345,0.854
2020-07-08,3631.54,-0.049,0.853
2020-07-09,3625.61,-0.163,0.825
2020-07-10,3633.42,0.215,0.801
2020-07-11,3615.75,-0.486,0.759
2020-07-14,3617.22,0.041,0.729
2020-07-15,3638.22,0.581,0.577
2020-07-16,3611.61,-0.731,0.581
2020-07-17,3627.86,0.45,0.595
2020-07-18,3651.93,0.663,0.619
2020-07-22,3628.20,-0.65,0.62
2020-07-23,3627.28,-0.025,0.608
2020-07-24,3660.15,0.906,0.634
2020-07-25,3690.80,0.837,0.657
2020-07-28,3679.17,-0.315,0.652
2020-07-29,3718.69,1.074,0.685
2020-07-30,3716.89,-0.048,0.685
2020-07-31,3739.49,0.608,0.671
2020-08-01,3733.08,-0.171,0.538
2020-08-04,3768.39,0.946,0.557
2020-08-05,3792.98,0.653,0.553
2020-08-06,3775.95,-0.449,0.57
2020-08-07,3769.67,-0.166,0.57
2020-08-11,3770.22,0.015,0.572
2020-08-12,3749.30,-0.555,0.576
2020-08-13,3755.61,0.168,0.575
2020-08-14,3767.05,0.305,0.568
2020-08-15,3783.15,0.427,0.529
2020-08-19,3784.15,0.026,0.528
2020-08-20,3766.73,-0.46,0.537
2020-08-21,3792.13,0.674,0.514
2020-08-22,3827.27,0.927,0.533
2020-08-25,3843.69,0.429,0.514
2020-08-26,3867.32,0.615,0.503
2020-08-27,3846.64,-0.535,0.517
2020-08-28,3820.17,-0.688,0.515
2020-08-29,3760.38,-1.565,0.64
2020-09-01,3745.41,-0.398,0.634
2020-09-02,3683.28,-1.659,0.736
2020-09-03,3653.70,-0.803,0.713
2020-09-04,3653.23,-0.013,0.689
2020-09-05,3702.62,1.352,0.766
2020-09-09,3757.21,1.474,0.842
2020-09-10,3717.25,-1.064,0.874
2020-09-11,3700.28,-0.457,0.871
2020-09-12,3709.00,0.236,0.872
2020-09-15,3697.00,-0.324,0.87
2020-09-16,3683.49,-0.365,0.863
2020-09-17,3703.86,0.553,0.876
2020-09-18,3714.65,0.291,0.876
2020-09-19,3725.37,0.289,0.863
2020-09-22,3790.54,1.749,0.931
2020-09-23,3813.30,0.6,0.936
2020-09-24,3863.60,1.319,0.974
2020-09-25,3873.80,0.264,0.968
2020-09-26,3867.81,-0.155,0.954
2020-09-29,3859.90,-0.205,0.877
2020-09-30,3878.94,0.493,0.871
2020-10-01,3865.47,-0.347,0.768
2020-10-02,3842.34,-0.598,0.755
2020-10-03,3881.80,1.027,0.771
2020-10-06,3843.75,-0.98,0.781
2020-10-07,3826.77,-0.442,0.731
2020-10-08,3837.79,0.288,0.679
2020-10-09,3839.73,0.051,0.664
2020-10-10,3824.25,-0.403,0.677
2020-10-14,3856.32,0.839,0.684
2020-10-15,3843.59,-0.33,0.682
2020-10-16,3854.47,0.283,0.678
2020-10-17,3846.48,-0.207,0.683
2020-10-20,3842.76,-0.097,0.685
2020-10-21,3830.79,-0.311,0.58
2020-10-22,3784.51,-1.208,0.63
2020-10-23,3776.73,-0.206,0.543
2020-10-24,3782.66,0.157,0.54
2020-10-27,3812.82,0.797,0.577
2020-10-28,3810.23,-0.068,0.576
2020-10-29,3841.46,0.82,0.597
2020-10-30,3849.53,0.21,0.595
2020-10-31,3858.56,0.235,0.582
2020-11-04,3823.45,-0.91,0.567
2020-11-05,3807.13,-0.427,0.533
2020-11-06,3763.82,-1.138,0.58
2020-11-07,3738.19,-0.681,0.588
2020-11-10,3646.15,-2.462,0.784
2020-11-11,3650.50,0.119,0.787
2020-11-13,3646.22,-0.117,0.747
2020-11-14,3639.95,-0.172,0.747
2020-11-18,3635.19,-0.131,0.737
2020-11-19,3647.73,0.345,0.75
2020-11-20,3647.10,-0.017,0.751
2020-11-21,3649.90,0.077,0.755
2020-11-24,3632.92,-0.465,0.722
2020-11-25,3643.24,0.284,0.73
2020-11-26,3620.39,-0.627,0.733
2020-11-28,3611.44,-0.247,0.693
2020-12-01,3591.84,-0.543,0.693
2020-12-02,3558.57,-0.926,0.655
2020-12-03,3533.21,-0.713,0.644
2020-12-04,3481.44,-1.465,0.664
2020-12-05,3467.49,-0.401,0.657
2020-12-08,3487.65,0.581,0.699
2020-12-10,3465.76,-0.628,0.682
2020-12-11,3448.89,-0.487,0.679
2020-12-12,3433.45,-0.448,0.476
2020-12-15,3426.97,-0.189,0.466
2020-12-16,3422.44,-0.132,0.466
2020-12-17,3416.21,-0.182,0.466
2020-12-18,3410.82,-0.158,0.465
2020-12-19,3420.26,0.277,0.461
2020-12-22,3442.41,0.648,0.505
2020-12-23,3444.90,0.072,0.505
2020-12-24,3482.51,1.092,0.589
2020-12-25,3493.77,0.323,0.591
2020-12-29,3495.39,0.046,0.585
2020-12-30,3482.10,-0.38,0.587
2020-12-31,3432.50,-1.424,0.646
2021-01-05,3420.78,-0.341,0.625
2021-01-06,3450.74,0.876,0.656
2021-01-07,3428.04,-0.658,0.59
2021-01-08,3459.39,0.915,0.624
2021-01-09,3478.11,0.541,0.622
2021-01-13,3487.65,0.274,0.608
2021-01-14,3478.36,-0.266,0.6
2021-01-15,3469.76,-0.247,0.593
2021-01-16,3466.80,-0.085,0.591
2021-01-20,3482.03,0.439,0.595
2021-01-21,3476.19,-0.168,0.595
2021-01-22,3477.48,0.037,0.592
2021-01-23,3525.25,1.374,0.657
2021-01-26,3582.41,1.621,0.728
2021-01-27,3591.48,0.253,0.727
2021-01-28,3636.91,1.265,0.739
2021-01-29,3585.44,-1.415,0.824
2021-01-30,3559.46,-0.725,0.846
2021-02-02,3561.37,0.054,0.838
2021-02-03,3534.99,-0.741,0.784
2021-02-04,3522.57,-0.351,0.785
2021-02-05,3558.63,1.024,0.793
2021-02-06,3543.28,-0.431,0.782
2021-02-09,3554.65,0.321,0.763
2021-02-10,3583.23,0.804,0.773
2021-02-11,3557.16,-0.728,0.796
2021-02-12,3525.45,-0.891,0.823
2021-02-13,3515.65,-0.278,0.824
2021-02-17,3518.19,0.072,0.823
2021-02-18,3545.84,0.786,0.835
2021-02-19,3537.86,-0.225,0.836
2021-02-20,3555.40,0.496,0.841
2021-02-23,3602.41,1.322,0.837
2021-02-24,3590.37,-0.334,0.762
2021-02-25,3578.29,-0.336,0.763
2021-02-26,3588.23,0.278,0.706
2021-02-27,3624.39,1.008,0.669
2021-03-02,3622.36,-0.056,0.644
2021-03-03,3646.61,0.669,0.657
2021-03-04,3676.94,0.832,0.643
2021-03-05,3647.99,-0.787,0.669
2021-03-06,3640.20,-0.214,0.643
2021-03-09,3623.61,-0.456,0.644
2021-03-10,3598.77,-0.686,0.666
2021-03-11,3561.91,-1.024,0.685
2021-03-12,3534.62,-0.766,0.687
2021-03-13,3575.30,1.151,0.704
2021-03-16,3575.63,0.009,0.699
2021-03-17,3553.51,-0.619,0.717
2021-03-18,3578.02,0.69,0.712
2021-03-19,3569.45,-0.24,0.712
2021-03-20,3553.34,-0.451,0.712
2021-03-24,3589.82,1.027,0.686
2021-03-25,3635.12,1.262,0.738
2021-03-26,3658.22,0.635,0.742
2021-03-27,3665.41,0.197,0.741
2021-03-30,3705.85,1.103,0.747
2021-03-31,3736.91,0.838,0.763
2021-04-01,3678.62,-1.56,0.843
2021-04-06,3645.79,-0.892,0.847
2021-04-07,3645.14,-0.018,0.829
2021-04-08,3639.62,-0.151,0.828
2021-04-09,3634.07,-0.152,0.822
2021-04-10,3650.23,0.445,0.81
2021-04-13,3653.57,0.092,0.767
2021-04-14,3666.17,0.345,0.739
2021-04-15,3665.49,-0.019,0.704
2021-04-16,3620.40,-1.23,0.766
2021-04-17,3595.57,-0.686,0.77
2021-04-20,3606.42,0.302,0.758
2021-04-21,3636.26,0.827,0.774
2021-04-22,3639.12,0.079,0.764
2021-04-23,3630.81,-0.228,0.736
2021-04-24,3640.07,0.255,0.682
2021-04-27,3659.62,0.537,0.678
2021-04-28,3717.46,1.58,0.764
2021-04-29,3699.74,-0.477,0.733
2021-04-30,3712.89,0.355,0.711
2021-05-01,3740.14,0.734,0.632
2021-05-04,3816.65,2.046,0.727
2021-05-05,3831.35,0.385,0.725
2021-05-06,3846.28,0.39,0.72
2021-05-07,3800.33,-1.195,0.787
2021-05-08,3765.33,-0.921,0.825
2021-05-11,3714.94,-1.338,0.891
2021-05-12,3703.20,-0.316,0.893
2021-05-13,3734.09,0.834,0.91
2021-05-14,3728.09,-0.161,0.857
2021-05-15,3682.84,-1.214,0.892
2021-05-19,3655.74,-0.736,0.911
2021-05-20,3682.66,0.736,0.907
2021-05-21,3721.57,1.057,0.934
2021-05-22,3738.19,0.447,0.933
2021-05-25,3750.66,0.334,0.934
2021-05-26,3735.41,-0.407,0.937
2021-05-27,3747.48,0.323,0.873
2021-05-28,3729.02,-0.493,0.873
2021-05-29,3715.28,-0.368,0.875
2021-06-02,3671.38,-1.182,0.896
2021-06-03,3642.29,-0.792,0.753
2021-06-04,3657.41,0.415,0.755
2021-06-05,3609.20,-1.318,0.777
2021-06-09,3597.18,-0.333,0.749
2021-06-10,3588.41,-0.244,0.733
2021-06-11,3589.86,0.04,0.688
2021-06-12,3626.02,1.007,0.735
2021-06-16,3693.35,1.857,0.833
2021-06-17,3690.56,-0.076,0.832
2021-06-18,3730.45,1.081,0.821
2021-06-19,3753.77,0.625,0.807
2021-06-22,3758.08,0.115,0.795
2021-06-23,3784.45,0.702,0.776
2021-06-24,3773.11,-0.3,0.776
2021-06-25,3770.35,-0.073,0.773
2021-06-26,3739.03,-0.831,0.792
2021-06-29,3713.17,-0.692,0.803
2021-06-30,3756.67,1.172,0.839
2021-07-01,3748.50,-0.217,0.836
2021-07-02,3775.53,0.721,0.796
2021-07-03,3777.17,0.043,0.766
2021-07-07,3782.27,0.135,0.764
2021-07-08,3815.22,0.871,0.693
2021-07-09,3850.46,0.924,0.691
2021-07-10,3829.46,-0.545,0.708
2021-07-13,3824.08,-0.14,0.713
2021-07-14,3826.85,0.072,0.696
2021-07-15,3796.07,-0.804,0.628
2021-07-16,3809.07,0.342,0.627
2021-07-17,3808.46,-0.016,0.589
2021-07-20,3842.97,0.906,0.605
2021-07-22,3855.68,0.331,0.607
2021-07-23,3866.86,0.29,0.594
2021-07-24,3874.44,0.196,0.586
2021-07-27,3904.17,0.767,0.6
2021-07-28,3918.49,0.367,0.552
2021-07-29,3902.18,-0.416,0.531
2021-07-30,3836.95,-1.672,0.641
2021-07-31,3867.88,0.806,0.654
2021-08-03,3865.46,-0.063,0.642
2021-08-04,3913.59,1.245,0.689
2021-08-05,3911.36,-0.057,0.691
2021-08-06,3910.81,-0.014,0.672
2021-08-07,3949.33,0.985,0.676
2021-08-10,3988.27,0.986,0.682
2021-08-11,3979.80,-0.212,0.684
2021-08-12,3950.43,-0.738,0.715
2021-08-13,3887.07,-1.604,0.791
2021-08-14,3830.25,-1.462,0.864
2021-08-18,3868.41,0.996,0.89
2021-08-19,3861.33,-0.183,0.87
2021-08-20,3876.08,0.382,0.871
2021-08-21,3874.95,-0.029,0.869
2021-08-24,3867.73,-0.186,0.869
2021-08-25,3861.88,-0.151,0.85
2021-08-26,3865.04,0.082,0.845
2021-08-27,3870.57,0.143,0.842
2021-08-28,3834.13,-0.941,0.781
2021-08-31,3806.87,-0.711,0.772
2021-09-01,3774.00,-0.863,0.792
2021-09-02,3753.30,-0.548,0.729
2021-09-03,3780.85,0.734,0.758
2021-09-04,3790.04,0.243,0.763
2021-09-08,3812.76,0.599,0.737
2021-09-09,3816.14,0.089,0.689
2021-09-10,3829.72,0.356,0.7
2021-09-11,3836.85,0.186,0.693
2021-09-14,3835.27,-0.041,0.602
2021-09-15,3830.83,-0.116,0.505
2021-09-16,3825.36,-0.143,0.447
2021-09-17,3818.16,-0.188,0.448
2021-09-18,3828.18,0.262,0.442
2021-09-21,3851.22,0.602,0.466
2021-09-22,3843.77,-0.193,0.467
2021-09-23,3834.66,-0.237,0.468
2021-09-24,3835.67,0.026,0.468
2021-09-25,3844.88,0.24,0.47
2021-09-28,3837.91,-0.181,0.421
2021-09-29,3841.94,0.105,0.386
2021-09-30,3834.68,-0.189,0.327
2021-10-01,3812.77,-0.571,0.329
2021-10-02,3781.35,-0.824,0.35
2021-10-05,3786.05,0.124,0.347
2021-10-06,3796.30,0.271,0.323
2021-10-07,3788.03,-0.218,0.325
2021-10-08,3772.44,-0.412,0.322
2021-10-09,3765.80,-0.176,0.316
2021-10-13,3738.48,-0.725,0.346
2021-10-14,3725.75,-0.341,0.349
2021-10-15,3755.29,0.793,0.407
2021-10-16,3772.49,0.458,0.424
2021-10-20,3766.94,-0.147,0.417
2021-10-21,3770.58,0.097,0.388
2021-10-22,3783.30,0.337,0.4
2021-10-23,3780.38,-0.077,0.398
2021-10-26,3769.98,-0.275,0.4
2021-10-27,3774.46,0.119,0.396
2021-10-28,3761.21,-0.351,0.4
2021-10-29,3766.10,0.13,0.4
2021-10-30,3784.44,0.487,0.42
2021-11-03,3778.69,-0.152,0.404
2021-11-04,3837.84,1.565,0.502
2021-11-05,3847.40,0.249,0.504
2021-11-06,3881.76,0.893,0.534
2021-11-09,3874.41,-0.189,0.533
2021-11-10,3876.86,0.063,0.519
2021-11-11,3875.38,-0.038,0.516
2021-11-13,3888.53,0.339,0.474
2021-11-17,3898.84,0.265,0.457
2021-11-18,3907.95,0.234,0.438
2021-11-19,3943.43,0.908,0.462
2021-11-20,3923.53,-0.505,0.484
2021-11-23,3913.26,-0.262,0.495
2021-11-24,3944.37,0.795,0.512
2021-11-25,3969.49,0.637,0.516
2021-11-27,4008.13,0.973,0.525
2021-11-30,4010.98,0.071,0.526
2021-12-01,4004.54,-0.161,0.515
2021-12-02,3953.26,-1.281,0.627
2021-12-03,3945.18,-0.204,0.631
2021-12-04,3948.33,0.08,0.627
2021-12-07,3944.00,-0.11,0.544
2021-12-08,3906.10,-0.961,0.596
2021-12-10,3899.87,-0.159,0.566
2021-12-11,3887.71,-0.312,0.569
2021-12-14,3886.87,-0.022,0.569
2021-12-15,3936.41,1.275,0.634
2021-12-16,3990.27,1.368,0.695
2021-12-17,4002.97,0.318,0.696
2021-12-18,3999.85,-0.078,0.697
2021-12-21,4002.12,0.057,0.672
2021-12-22,3996.28,-0.146,0.66
2021-12-23,3997.71,0.036,0.655
2021-12-24,3997.09,-0.016,0.635
2021-12-25,3994.15,-0.074,0.621
2021-12-28,3989.41,-0.119,0.581
2021-12-29,4004.00,0.366,0.587
2021-12-30,4023.68,0.492,0.596
2021-12-31,3981.16,-1.057,0.572
2022-01-04,4082.75,2.552,0.798
2022-01-05,4084.11,0.033,0.799
2022-01-06,4042.36,-1.022,0.841
2022-01-07,4039.31,-0.075,0.803
2022-01-08,4043.46,0.103,0.799
2022-01-12,4011.65,-0.787,0.821
2022-01-13,3970.08,-1.036,0.864
2022-01-14,3950.40,-0.496,0.828
2022-01-15,3993.65,1.095,0.806
2022-01-19,4033.37,0.995,0.834
2022-01-20,4003.95,-0.729,0.851
2022-01-21,3980.80,-0.578,0.861
2022-01-22,3964.30,-0.414,0.865
2022-01-25,3977.51,0.333,0.869
2022-01-26,3987.32,0.247,0.871
2022-01-27,3947.83,-0.99,0.898
2022-01-28,3944.04,-0.096,0.898
2022-01-29,3982.60,0.978,0.923
2022-02-01,3942.73,-1.001,0.94
2022-02-02,3923.61,-0.485,0.918
2022-02-03,3928.05,0.113,0.683
2022-02-04,3951.96,0.609,0.705
2022-02-05,3962.68,0.271,0.681
2022-02-08,3963.84,0.029,0.681
2022-02-09,3965.41,0.04,0.68
2022-02-10,3939.31,-0.658,0.674
2022-02-11,3917.75,-0.547,0.646
2022-02-12,3917.52,-0.006,0.638
2022-02-15,3938.97,0.548,0.598
2022-02-16,3946.88,0.201,0.548
2022-02-17,3963.72,0.427,0.539
2022-02-18,3953.26,-0.264,0.528
2022-02-19,3927.25,-0.658,0.54
2022-02-23,3932.40,0.131,0.534
2022-02-24,3913.79,-0.473,0.537
2022-02-25,3940.20,0.675,0.519
2022-02-26,3910.64,-0.75,0.545
2022-03-01,3910.28,-0.009,0.489
2022-03-02,3901.62,-0.221,0.442
2022-03-03,3862.95,-0.991,0.481
2022-03-04,3771.77,-2.36,0.698
2022-03-05,3806.11,0.91,0.72
2022-03-08,3813.41,0.192,0.717
2022-03-09,3787.18,-0.688,0.724
2022-03-10,3746.43,-1.076,0.745
2022-03-11,3786.00,1.056,0.796
2022-03-12,3827.64,1.1,0.841
2022-03-15,3800.85,-0.7,0.851
2022-03-16,3836.56,0.94,0.872
2022-03-17,3826.89,-0.252,0.869
2022-03-18,3816.43,-0.273,0.859
2022-03-19,3820.67,0.111,0.861
2022-03-23,3765.67,-1.44,0.901
2022-03-24,3756.64,-0.24,0.898
2022-03-25,3798.90,1.125,0.944
2022-03-26,3785.66,-0.349,0.925
2022-03-29,3785.70,0.001,0.917
2022-03-30,3765.96,-0.521,0.919
2022-03-31,3748.15,-0.473,0.922
2022-04-01,3756.03,0.21,0.906
2022-04-02,3774.79,0.499,0.749
2022-04-05,3706.95,-1.797,0.818
2022-04-06,3723.79,0.454,0.826
2022-04-07,3746.51,0.61,0.829
2022-04-08,3771.83,0.676,0.808
2022-04-09,3777.41,0.148,0.772
2022-04-12,3744.16,-0.88,0.749
2022-04-13,3736.70,-0.199,0.736
2022-04-14,3737.32,0.017,0.697
2022-04-19,3731.31,-0.161,0.696
2022-04-20,3755.85,0.658,0.717
2022-04-21,3758.65,0.075,0.716
2022-04-22,3759.54,0.024,0.641
2022-04-23,3819.07,1.583,0.729
2022-04-26,3931.74,2.95,0.948
2022-04-27,3947.63,0.404,0.941
2022-04-28,3967.32,0.499,0.941
2022-04-29,3984.77,0.44,0.925
2022-04-30,3966.27,-0.464,0.925
2022-05-03,4004.07,0.953,0.936
2022-05-04,4016.34,0.306,0.935
2022-05-05,4056.41,0.998,0.802
2022-05-06,4086.08,0.731,0.805
2022-05-07,4053.93,-0.787,0.851
2022-05-10,4085.76,0.785,0.853
2022-05-11,4086.71,0.023,0.856
2022-05-12,4080.32,-0.156,0.813
2022-05-13,4109.71,0.72,0.801
2022-05-14,4110.53,0.02,0.801
2022-05-17,4070.25,-0.98,0.855
2022-05-18,4033.85,-0.894,0.903
2022-05-19,4054.71,0.517,0.901
2022-05-20,4050.88,-0.094,0.904
2022-05-21,3989.84,-1.507,0.95
2022-05-24,3950.35,-0.99,0.74
2022-05-25,3971.28,0.53,0.744
2022-05-26,3959.05,-0.308,0.739
2022-05-27,3930.89,-0.711,0.747
2022-05-28,3912.34,-0.472,0.748
2022-06-01,3776.52,-3.472,1.031
2022-06-02,3791.74,0.403,1.034
2022-06-03,3784.98,-0.178,0.99
2022-06-04,3771.63,-0.353,0.957
2022-06-07,3799.50,0.739,0.985
2022-06-08,3790.88,-0.227,0.951
2022-06-09,3782.65,-0.217,0.947
2022-06-10,3833.34,1.34,1.022
2022-06-11,3912.51,2.065,1.131
2022-06-14,4016.50,2.658,1.304
2022-06-15,3979.30,-0.926,1.302
2022-06-16,3923.96,-1.391,1.322
2022-06-17,3912.15,-0.301,1.314
2022-06-18,3905.05,-0.181,1.314
2022-06-22,4026.92,3.121,1.466
2022-06-23,4026.52,-0.01,1.445
2022-06-24,4068.75,1.049,1.458
2022-06-25,4129.87,1.502,1.485
2022-06-29,4089.72,-0.972,1.495
2022-06-30,4127.47,0.923,1.494
2022-07-01,4151.21,0.575,1.205
2022-07-02,4198.77,1.146,1.214
2022-07-06,4259.86,1.455,1.22
2022-07-07,4348.68,2.085,1.241
2022-07-08,4369.70,0.483,1.242
2022-07-09,4388.27,0.425,1.225
2022-07-12,4513.28,2.849,1.289
2022-07-13,4627.46,2.53,1.337
2022-07-14,4558.05,-1.5,1.416
2022-07-15,4519.65,-0.842,1.388
2022-07-16,4395.63,-2.744,1.544
2022-07-19,4315.41,-1.825,1.575
2022-07-20,4303.34,-0.28,1.574
2022-07-22,4410.14,2.482,1.626
2022-07-23,4423.86,0.311,1.517
2022-07-26,4461.63,0.854,1.514
2022-07-27,4445.01,-0.373,1.522
2022-07-28,4420.75,-0.546,1.516
2022-07-29,4375.51,-1.023,1.519
2022-07-30,4300.30,-1.719,1.58
2022-08-02,4245.99,-1.263,1.611
2022-08-03,4313.30,1.585,1.629
2022-08-04,4331.15,0.414,1.601
2022-08-05,4268.30,-1.451,1.564
2022-08-06,4337.28,1.616,1.606
2022-08-09,4307.09,-0.696,1.609
2022-08-10,4309.69,0.06,1.455
2022-08-11,4273.82,-0.832,1.307
2022-08-12,4231.45,-0.991,1.29
2022-08-13,4185.49,-1.086,1.295
2022-08-17,4218.48,0.788,1.192
2022-08-18,4316.47,2.323,1.254
2022-08-19,4413.86,2.256,1.348
2022-08-20,4400.25,-0.308,1.231
2022-08-23,4399.16,-0.025,1.229
2022-08-24,4374.45,-0.562,1.217
2022-08-25,4380.19,0.131,1.216
2022-08-26,4407.95,0.634,1.22
2022-08-27,4388.02,-0.452,1.201
2022-08-30,4386.13,-0.043,1.13
2022-08-31,4400.16,0.32,1.084
2022-09-01,4422.77,0.514,1.036
2022-09-02,4467.03,1.001,1.053
2022-09-03,4466.73,-0.007,0.984
2022-09-07,4480.10,0.299,0.929
2022-09-08,4446.36,-0.753,0.932
2022-09-09,4396.69,-1.117,0.975
2022-09-10,4365.32,-0.713,0.969
2022-09-13,4346.91,-0.422,0.943
2022-09-14,4413.89,1.541,0.946
2022-09-15,4389.80,-0.546,0.955
2022-09-16,4404.64,0.338,0.816
2022-09-17,4435.84,0.708,0.66
2022-09-20,4415.11,-0.467,0.665
2022-09-21,4420.38,0.119,0.665
2022-09-22,4403.82,-0.375,0.658
2022-09-23,4379.80,-0.545,0.67
2022-09-24,4426.47,1.066,0.698
2022-09-27,4496.99,1.593,0.77
2022-09-28,4556.42,1.322,0.814
2022-09-29,4486.94,-1.525,0.899
2022-09-30,4532.07,1.006,0.917
2022-10-01,4590.54,1.29,0.934
2022-10-04,4545.66,-0.978,0.967
2022-10-05,4484.74,-1.34,1.016
2022-10-06,4548.89,1.43,1.047
2022-10-07,4627.61,1.731,1.064
2022-10-08,4605.29,-0.482,1.054
2022-10-12,4611.88,0.143,1.041
2022-10-13,4611.18,-0.015,1.001
2022-10-14,4619.78,0.187,0.985
2022-10-15,4636.83,0.369,0.985
2022-10-19,4744.04,2.312,1.084
2022-10-20,4815.09,1.498,1.096
2022-10-21,4885.50,1.462,1.116
2022-10-22,4913.24,0.568,1.096
2022-10-25,4968.94,1.134,1.072
2022-10-26,4948.14,-0.419,1.092
2022-10-27,4895.29,-1.068,1.121
2022-10-28,4821.92,-1.499,1.179
2022-10-29,4819.42,-0.052,1.104
2022-11-01,4898.74,1.646,1.132
2022-11-02,4975.58,1.569,1.145
2022-11-03,5015.84,0.809,1.1
2022-11-04,5058.02,0.841,1.013
2022-11-05,5061.21,0.063,1.001
2022-11-09,5013.20,-0.949,1.012
2022-11-10,4914.71,-1.965,1.128
2022-11-11,4806.07,-2.211,1.264
2022-11-16,4801.06,-0.104,1.265
2022-11-17,4922.70,2.534,1.367
2022-11-18,5022.03,2.018,1.419
2022-11-19,4994.61,-0.546,1.359
2022-11-22,4958.42,-0.725,1.344
2022-11-23,4914.34,-0.889,1.327
2022-11-24,4875.91,-0.782,1.333
2022-11-26,4881.41,0.113,1.305
2022-11-29,4840.60,-0.836,1.314
2022-11-30,4809.51,-0.642,1.301
2022-12-01,4815.59,0.126,1.258
2022-12-02,4779.06,-0.759,1.269
2022-12-03,4767.19,-0.248,1.206
2022-12-06,4812.37,0.948,1.168
2022-12-07,4818.32,0.124,1.147
2022-12-08,4825.83,0.156,1.125
2022-12-10,4815.99,-0.204,1.123
2022-12-13,4836.24,0.42,1.119
2022-12-14,4791.57,-0.924,1.054
2022-12-15,4778.28,-0.277,0.934
2022-12-16,4797.02,0.392,0.938
2022-12-17,4802.48,0.114,0.727
2022-12-20,4781.28,-0.441,0.526
2022-12-21,4769.29,-0.251,0.521
2022-12-22,4761.64,-0.16,0.508
2022-12-23,4760.61,-0.022,0.483
2022-12-24,4745.04,-0.327,0.462
2022-12-28,4766.82,0.459,0.478
2022-12-29,4765.92,-0.019,0.447
2022-12-30,4810.20,0.929,0.48
2023-01-04,4842.26,0.667,0.502
2023-01-05,4924.00,1.688,0.59
2023-01-06,4989.58,1.332,0.638
2023-01-07,4885.66,-2.083,0.798
2023-01-11,4807.85,-1.593,0.881
2023-01-12,4748.54,-1.234,0.921
2023-01-13,4692.04,-1.19,0.954
2023-01-14,4693.99,0.042,0.947
2023-01-18,4691.09,-0.062,0.929
2023-01-19,4702.67,0.247,0.931
2023-01-20,4683.85,-0.4,0.927
2023-01-21,4631.64,-1.115,0.951
2023-01-24,4551.02,-1.741,1.013
2023-01-25,4545.94,-0.112,1.013
2023-01-26,4538.91,-0.155,1.013
2023-01-27,4531.75,-0.158,1.012
2023-01-28,4548.50,0.37,1.021
2023-01-31,4632.20,1.84,1.111
2023-02-01,4648.70,0.356,1.116
2023-02-02,4639.04,-0.208,1.089
2023-02-03,4584.44,-1.177,1.092
2023-02-04,4669.74,1.861,1.108
2023-02-07,4776.25,2.281,1.197
2023-02-08,4775.99,-0.005,1.113
2023-02-09,4769.85,-0.129,1.057
2023-02-10,4742.05,-0.583,1.028
2023-02-11,4777.73,0.752,1.001
2023-02-14,4818.62,0.856,1.015
2023-02-15,4783.24,-0.734,1.033
2023-02-16,4878.24,1.986,1.116
2023-02-17,4966.33,1.806,1.163
2023-02-18,4918.94,-0.954,1.153
2023-02-22,4950.33,0.638,1.048
2023-02-23,4924.91,-0.514,1.063
2023-02-24,4853.90,-1.442,1.135
2023-02-25,4849.65,-0.088,1.134
2023-02-28,4808.14,-0.856,1.165
2023-03-01,4814.11,0.124,1.106
2023-03-02,4848.78,0.72,1.112
2023-03-03,4855.83,0.145,1.108
2023-03-04,4780.89,-1.543,1.135
2023-03-07,4734.42,-0.972,1.095
2023-03-08,4744.95,0.222,0.966
2023-03-09,4755.59,0.224,0.967
2023-03-10,4748.61,-0.147,0.967
2023-03-11,4748.14,-0.01,0.958
2023-03-14,4769.76,0.455,0.948
2023-03-15,4736.03,-0.707,0.938
2023-03-16,4835.51,2.1,1.043
2023-03-17,4866.50,0.641,0.951
2023-03-18,4824.25,-0.868,0.867
2023-03-22,4804.29,-0.414,0.849
2023-03-23,4776.09,-0.587,0.836
2023-03-24,4755.12,-0.439,0.834
2023-03-25,4741.76,-0.281,0.78
2023-03-28,4686.83,-1.158,0.814
2023-03-29,4658.79,-0.598,0.804
2023-03-30,4627.63,-0.669,0.81
2023-03-31,4627.27,-0.008,0.782
2023-04-01,4646.08,0.407,0.791
2023-04-04,4603.00,-0.927,0.747
2023-04-05,4587.31,-0.341,0.725
2023-04-06,4570.91,-0.358,0.721
2023-04-11,4564.24,-0.146,0.715
2023-04-12,4516.76,-1.04,0.739
2023-04-13,4458.87,-1.282,0.771
2023-04-14,4424.02,-0.782,0.756
2023-04-15,4425.27,0.028,0.757
2023-04-18,4431.45,0.14,0.512
2023-04-19,4473.07,0.939,0.548
2023-04-20,4532.43,1.327,0.661
2023-04-21,4535.78,0.074,0.666
2023-04-22,4523.64,-0.268,0.662
2023-04-25,4482.45,-0.911,0.677
2023-04-26,4486.60,0.093,0.683
2023-04-27,4552.59,1.471,0.753
2023-04-28,4654.14,2.231,0.912
2023-04-29,4669.00,0.319,0.9
2023-05-03,4713.08,0.944,0.922
2023-05-04,4667.09,-0.976,0.949
2023-05-05,4616.58,-1.082,0.958
2023-05-06,4552.56,-1.387,1.006
2023-05-09,4490.58,-1.361,1.047
2023-05-10,4540.34,1.108,1.08
2023-05-11,4545.39,0.111,1.053
2023-05-12,4601.15,1.227,1.037
2023-05-13,4564.44,-0.798,1.038
2023-05-16,4506.49,-1.27,1.086
2023-05-17,4531.58,0.557,1.091
2023-05-18,4528.30,-0.072,1.074
2023-05-19,4521.64,-0.147,1.033
2023-05-20,4528.67,0.155,1.034
2023-05-24,4501.81,-0.593,1.04
2023-05-25,4448.93,-1.175,1.054
2023-05-26,4470.83,0.492,1.06
2023-05-27,4461.66,-0.205,1.001
2023-05-31,4408.65,-1.188,0.866
2023-06-01,4434.09,0.577,0.877
2023-06-02,4410.49,-0.532,0.832
2023-06-03,4355.80,-1.24,0.845
2023-06-06,4307.02,-1.12,0.846
2023-06-07,4245.00,-1.44,0.85
2023-06-08,4209.14,-0.845,0.825
2023-06-09,4179.98,-0.693,0.756
2023-06-10,4173.66,-0.151,0.749
2023-06-14,4186.30,0.303,0.666
2023-06-15,4182.33,-0.095,0.666
2023-06-16,4164.66,-0.422,0.636
2023-06-17,4145.72,-0.455,0.596
2023-06-21,4149.18,0.083,0.602
2023-06-22,4158.21,0.218,0.617
2023-06-23,4114.39,-1.054,0.617
2023-06-24,4168.88,1.324,0.735
2023-06-27,4172.33,0.083,0.718
2023-06-28,4152.48,-0.476,0.692
2023-06-29,4169.60,0.412,0.713
2023-06-30,4191.28,0.52,0.708
2023-07-01,4177.58,-0.327,0.681
2023-07-06,4128.08,-1.185,0.708
2023-07-07,4195.93,1.644,0.8
2023-07-08,4189.96,-0.142,0.769
2023-07-11,4154.06,-0.857,0.727
2023-07-12,4193.59,0.952,0.742
2023-07-13,4128.67,-1.548,0.805
2023-07-14,4102.13,-0.643,0.815
2023-07-15,4089.30,-0.313,0.811
2023-07-18,4069.39,-0.487,0.816
2023-07-19,3991.15,-1.923,0.907
2023-07-20,3980.20,-0.274,0.906
2023-07-22,3971.38,-0.222,0.903
2023-07-25,3950.58,-0.524,0.9
2023-07-26,3978.83,0.715,0.904
2023-07-27,3951.10,-0.697,0.839
2023-07-28,3932.04,-0.482,0.836
2023-07-29,3923.49,-0.217,0.835
2023-08-01,3898.48,-0.637,0.823
2023-08-02,4007.44,2.795,1.067
2023-08-03,4056.99,1.236,1.115
2023-08-04,4144.79,2.164,1.199
2023-08-05,4077.90,-1.614,1.189
2023-08-09,4076.46,-0.035,1.189
2023-08-10,4031.65,-1.099,1.198
2023-08-11,3955.23,-1.896,1.23
2023-08-12,3973.41,0.46,1.203
2023-08-15,4029.95,1.423,1.249
2023-08-16,4096.08,1.641,1.305
2023-08-17,4130.33,0.836,1.312
2023-08-18,4093.96,-0.881,1.247
2023-08-19,4124.04,0.735,1.25
2023-08-23,4120.07,-0.096,1.248
2023-08-24,4085.89,-0.83,1.259
2023-08-25,4076.90,-0.22,1.256
2023-08-26,4117.78,1.003,1.254
2023-08-29,4111.52,-0.152,1.247
2023-08-30,4110.08,-0.035,1.244
2023-08-31,4085.33,-0.602,1.243
2023-09-01,4099.20,0.34,1.089
2023-09-02,4063.36,-0.874,1.077
2023-09-06,4089.46,0.642,0.965
2023-09-07,4093.04,0.088,0.894
2023-09-08,4045.83,-1.153,0.932
2023-09-09,4012.26,-0.83,0.917
2023-09-12,3997.74,-0.362,0.81
2023-09-13,3993.53,-0.105,0.805
2023-09-14,3950.92,-1.067,0.77
2023-09-15,3926.59,-0.616,0.659
2023-09-16,3928.28,0.043,0.615
2023-09-19,3905.95,-0.568,0.602
2023-09-20,3902.54,-0.087,0.559
2023-09-21,3907.21,0.12,0.565
2023-09-22,3948.25,1.05,0.62
2023-09-23,3948.70,0.011,0.621
2023-09-26,4052.54,2.63,0.846
2023-09-27,4068.73,0.4,0.853
2023-09-28,4093.60,0.611,0.866
2023-09-29,4085.57,-0.196,0.856
2023-09-30,4053.76,-0.779,0.869
2023-10-03,4141.43,2.163,0.977
2023-10-04,4187.01,1.101,0.995
2023-10-05,4252.09,1.554,1.045
2023-10-06,4359.40,2.524,1.116
2023-10-07,4386.66,0.625,1.08
2023-10-11,4231.97,-3.526,1.392
2023-10-12,4212.50,-0.46,1.4
2023-10-13,4230.61,0.43,1.364
2023-10-14,4249.00,0.435,1.345
2023-10-18,4222.09,-0.633,1.363
2023-10-19,4227.39,0.126,1.346
2023-10-20,4249.71,0.528,1.342
2023-10-21,4238.85,-0.256,1.349
2023-10-24,4221.39,-0.412,1.352
2023-10-25,4213.97,-0.176,1.355
2023-10-26,4201.53,-0.295,1.248
2023-10-27,4154.94,-1.109,1.28
2023-10-28,4120.62,-0.826,1.291
2023-10-31,4060.83,-1.451,1.333
2023-11-01,4114.29,1.316,1.352
2023-11-02,4117.71,0.083,1.261
2023-11-03,4047.11,-1.715,1.286
2023-11-04,3975.09,-1.78,1.268
2023-11-08,4005.06,0.754,1.11
2023-11-09,4065.79,1.516,1.17
2023-11-10,4056.94,-0.218,0.905
2023-11-11,4037.19,-0.487,0.905
2023-11-15,3963.57,-1.824,0.96
2023-11-16,3976.84,0.335,0.956
2023-11-17,4077.44,2.53,1.146
2023-11-18,4116.59,0.96,1.172
2023-11-21,4033.83,-2.01,1.233
2023-11-22,4060.15,0.652,1.25
2023-11-23,4092.33,0.793,1.268
2023-11-25,4044.51,-1.169,1.289
2023-11-28,3989.89,-1.35,1.314
2023-11-29,3957.77,-0.805,1.305
2023-11-30,3980.67,0.579,1.31
2023-12-01,4045.22,1.622,1.331
2023-12-02,3983.15,-1.534,1.334
2023-12-05,3999.91,0.421,1.339
2023-12-06,4023.21,0.583,1.294
2023-12-07,3989.55,-0.837,1.243
2023-12-08,3998.51,0.225,1.232
2023-12-12,3982.50,-0.4,1.182
2023-12-13,3990.88,0.21,1.183
2023-12-14,3999.43,0.214,1.181
2023-12-15,3955.88,-1.089,1.133
2023-12-16,3956.76,0.022,1.13
2023-12-19,3932.59,-0.611,0.963
2023-12-20,3925.77,-0.173,0.925
2023-12-21,3948.54,0.58,0.841
2023-12-22,3943.03,-0.14,0.822
2023-12-23,3915.43,-0.7,0.8
2023-12-27,3871.45,-1.123,0.797
2023-12-28,3844.81,-0.688,0.761
2023-12-29,3822.05,-0.592,0.753
2024-01-03,3895.53,1.923,0.874
2024-01-04,3914.60,0.49,0.788
2024-01-05,3927.64,0.333,0.725
2024-01-06,3912.93,-0.375,0.719
2024-01-10,3934.13,0.542,0.717
2024-01-11,3946.39,0.312,0.701
2024-01-12,3929.79,-0.421,0.703
2024-01-13,3901.38,-0.723,0.714
2024-01-17,3940.85,1.012,0.754
2024-01-18,3969.50,0.727,0.772
2024-01-19,3939.89,-0.746,0.751
2024-01-20,3916.39,-0.596,0.762
2024-01-23,3904.49,-0.304,0.753
2024-01-24,3934.62,0.772,0.773
2024-01-25,3929.95,-0.119,0.762
2024-01-26,3932.96,0.077,0.762
2024-01-27,3925.26,-0.196,0.746
2024-01-30,3918.93,-0.161,0.698
2024-01-31,3925.60,0.17,0.675
2024-02-01,3915.56,-0.256,0.661
2024-02-02,3889.05,-0.677,0.532
2024-02-03,3928.11,1.004,0.568
2024-02-06,3975.74,1.213,0.625
2024-02-07,3950.57,-0.633,0.637
2024-02-08,3962.23,0.295,0.629
2024-02-09,3954.68,-0.191,0.628
2024-02-10,3926.08,-0.723,0.642
2024-02-13,3915.28,-0.275,0.623
2024-02-14,3929.00,0.35,0.584
2024-02-15,3916.61,-0.315,0.561
2024-02-16,3909.89,-0.172,0.538
2024-02-17,3917.84,0.203,0.524
2024-02-21,3912.97,-0.124,0.52
2024-02-22,3930.26,0.442,0.5
2024-02-23,3935.64,0.137,0.5
2024-02-24,3949.36,0.349,0.505
2024-02-27,3963.08,0.347,0.508
2024-02-28,3935.59,-0.694,0.533
2024-02-29,3933.56,-0.052,0.532
2024-03-01,3931.31,-0.057,0.528
2024-03-02,3934.82,0.089,0.502
2024-03-05,3948.67,0.352,0.457
2024-03-06,3945.32,-0.085,0.362
2024-03-07,3932.55,-0.324,0.341
2024-03-08,3920.79,-0.299,0.338
2024-03-09,3905.45,-0.391,0.345
2024-03-12,3907.81,0.06,0.308
2024-03-13,3919.86,0.308,0.311
2024-03-14,3908.02,-0.302,0.307
2024-03-15,3899.39,-0.221,0.303
2024-03-16,3884.64,-0.378,0.312
2024-03-19,3880.59,-0.104,0.307
2024-03-20,3894.37,0.355,0.319
2024-03-21,3886.94,-0.191,0.302
2024-03-22,3888.02,0.028,0.299
2024-03-23,3901.51,0.347,0.299
2024-03-27,3865.97,-0.911,0.338
2024-03-28,3842.30,-0.612,0.332
2024-04-02,3863.05,0.54,0.363
2024-04-03,3845.22,-0.462,0.372
2024-04-04,3812.13,-0.861,0.404
2024-04-05,3775.37,-0.964,0.424
2024-04-06,3764.23,-0.295,0.423
2024-04-09,3768.80,0.121,0.43
2024-04-10,3763.43,-0.142,0.429
2024-04-11,3815.44,1.382,0.554
2024-04-12,3820.10,0.122,0.555
2024-04-13,3864.97,1.175,0.619
2024-04-16,3889.58,0.637,0.636
2024-04-17,3938.11,1.248,0.694
2024-04-18,3901.94,-0.918,0.722
2024-04-19,3918.23,0.417,0.726
2024-04-20,3937.13,0.482,0.73
2024-04-23,3924.82,-0.313,0.732
2024-04-24,3910.01,-0.377,0.738
2024-04-25,3935.65,0.656,0.749
2024-04-26,3964.59,0.735,0.728
2024-04-27,3926.02,-0.973,0.751
2024-04-30,3873.44,-1.339,0.81
2024-05-01,3899.07,0.662,0.814
2024-05-03,3898.62,-0.012,0.784
2024-05-04,3895.41,-0.082,0.744
2024-05-07,3894.23,-0.03,0.738
2024-05-08,3884.84,-0.241,0.744
2024-05-09,3902.63,0.458,0.743
2024-05-10,3900.38,-0.058,0.689
2024-05-11,3888.21,-0.312,0.696
2024-05-15,3861.82,-0.679,0.666
2024-05-16,3825.42,-0.943,0.68
2024-05-17,3828.98,0.093,0.606
2024-05-18,3832.26,0.086,0.58
2024-05-21,3822.39,-0.258,0.568
2024-05-22,3814.94,-0.195,0.55
2024-05-23,3829.59,0.384,0.561
2024-05-24,3837.58,0.209,0.563
2024-05-25,3878.07,1.055,0.597
2024-05-29,3853.09,-0.644,0.578
2024-05-30,3867.02,0.362,0.553
2024-05-31,3874.32,0.189,0.468
2024-06-01,3860.92,-0.346,0.447
2024-06-05,3909.65,1.262,0.535
2024-06-06,3927.91,0.467,0.544
2024-06-07,3938.53,0.27,0.546
2024-06-08,3944.14,0.142,0.541
2024-06-12,3960.83,0.423,0.54
2024-06-13,4023.26,1.576,0.634
2024-06-14,4107.52,2.094,0.757
2024-06-15,4151.55,1.072,0.742
2024-06-18,4144.63,-0.167,0.688
2024-06-19,4101.87,-1.032,0.757
2024-06-21,4175.96,1.806,0.821
2024-06-22,4143.72,-0.772,0.851
2024-06-25,4104.38,-0.949,0.895
2024-06-26,4093.66,-0.261,0.906
2024-06-27,4133.61,0.976,0.916
2024-06-28,4158.10,0.592,0.904
2024-06-29,4148.04,-0.242,0.885
2024-07-03,4130.03,-0.434,0.903
2024-07-04,4096.09,-0.822,0.939
2024-07-06,4093.72,-0.058,0.931
2024-07-09,4052.99,-0.995,0.945
2024-07-10,4022.05,-0.763,0.966
2024-07-11,3979.91,-1.048,0.999
2024-07-12,3968.87,-0.277,1.002
2024-07-13,3944.97,-0.602,1.007
2024-07-16,3948.41,0.087,0.936
2024-07-17,3977.63,0.74,0.81
2024-07-18,4011.19,0.844,0.793
2024-07-19,4036.73,0.637,0.813
2024-07-20,4040.20,0.086,0.786
2024-07-23,4006.01,-0.846,0.667
2024-07-24,4010.53,0.113,0.657
2024-07-25,4047.66,0.926,0.672
2024-07-26,4035.00,-0.313,0.673
2024-07-27,4014.56,-0.507,0.632
2024-07-30,4059.91,1.13,0.675
2024-07-31,4089.05,0.718,0.699
2024-08-01,4060.34,-0.702,0.709
2024-08-02,4057.14,-0.079,0.688
2024-08-03,4110.37,1.312,0.752
2024-08-06,4184.30,1.799,0.81
2024-08-07,4136.27,-1.148,0.837
2024-08-09,4100.79,-0.858,0.824
2024-08-10,4064.51,-0.885,0.851
2024-08-13,4063.26,-0.031,0.835
2024-08-14,4038.87,-0.6,0.852
2024-08-15,4021.10,-0.44,0.847
2024-08-16,4014.18,-0.172,0.828
2024-08-17,4021.63,0.186,0.816
2024-08-21,4011.37,-0.255,0.817
2024-08-22,4013.98,0.065,0.794
2024-08-23,4064.03,1.247,0.841
2024-08-24,4030.52,-0.825,0.838
2024-08-27,4023.92,-0.164,0.836
2024-08-28,4045.64,0.54,0.836
2024-08-29,4065.34,0.487,0.804
2024-08-30,4132.11,1.642,0.871
2024-08-31,4160.31,0.682,0.862
2024-09-04,4185.80,0.613,0.868
2024-09-05,4185.82,0.0,0.824
2024-09-06,4172.50,-0.318,0.724
2024-09-07,4149.79,-0.544,0.685
2024-09-10,4220.68,1.708,0.75
2024-09-11,4285.61,1.538,0.77
2024-09-12,4278.28,-0.171,0.773
2024-09-13,4236.63,-0.974,0.799
2024-09-14,4172.13,-1.522,0.881
2024-09-17,4220.58,1.161,0.902
2024-09-18,4239.33,0.444,0.903
2024-09-19,4189.46,-1.176,0.953
2024-09-20,4175.10,-0.343,0.961
2024-09-21,4156.89,-0.436,0.938
2024-09-24,4155.31,-0.038,0.912
2024-09-25,4139.43,-0.382,0.918
2024-09-26,4192.74,1.288,0.949
2024-09-27,4188.11,-0.11,0.949
2024-09-28,4164.21,-0.571,0.893
2024-10-01,4178.30,0.338,0.884
2024-10-02,4224.21,1.099,0.907
2024-10-03,4203.43,-0.492,0.915
2024-10-04,4197.73,-0.136,0.912
2024-10-05,4173.66,-0.573,0.913
2024-10-08,4194.97,0.511,0.833
2024-10-09,4233.54,0.919,0.782
2024-10-10,4233.17,-0.009,0.782
2024-10-11,4217.40,-0.373,0.756
2024-10-12,4192.56,-0.589,0.683
2024-10-16,4244.84,1.247,0.691
2024-10-17,4266.20,0.503,0.693
2024-10-18,4263.17,-0.071,0.633
2024-10-19,4252.15,-0.258,0.63
2024-10-22,4286.96,0.819,0.637
2024-10-23,4262.30,-0.575,0.657
2024-10-24,4293.91,0.742,0.659
2024-10-25,4311.83,0.417,0.609
2024-10-26,4316.73,0.114,0.606
2024-10-29,4342.90,0.606,0.589
2024-10-30,4367.39,0.564,0.594
2024-10-31,4413.46,1.055,0.59
2024-11-01,4409.57,-0.088,0.571
2024-11-02,4414.00,0.1,0.565
2024-11-06,4421.86,0.178,0.532
2024-11-07,4430.40,0.193,0.529
2024-11-08,4344.55,-1.938,0.703
2024-11-09,4346.70,0.049,0.703
2024-11-13,4413.79,1.543,0.758
2024-11-14,4478.21,1.46,0.78
2024-11-15,4475.57,-0.059,0.754
2024-11-16,4454.68,-0.467,0.769
2024-11-19,4400.69,-1.212,0.831
2024-11-20,4401.34,0.015,0.826
2024-11-21,4414.06,0.289,0.813
2024-11-22,4387.09,-0.611,0.814
2024-11-23,4418.58,0.718,0.814
2024-11-26,4381.99,-0.828,0.839
2024-11-27,4405.96,0.547,0.845
2024-11-28,4406.16,0.005,0.837
2024-11-30,4419.59,0.305,0.831
2024-12-03,4462.97,0.982,0.827
2024-12-04,4443.53,-0.436,0.834
2024-12-05,4424.56,-0.427,0.84
2024-12-06,4407.13,-0.394,0.844
2024-12-07,4396.52,-0.241,0.844
2024-12-10,4379.71,-0.382,0.722
2024-12-11,4377.34,-0.054,0.723
2024-12-12,4361.22,-0.368,0.634
2024-12-13,4335.20,-0.597,0.534
2024-12-14,4341.32,0.141,0.538
2024-12-17,4324.19,-0.395,0.536
2024-12-18,4345.32,0.489,0.491
2024-12-19,4359.11,0.317,0.498
2024-12-20,4394.50,0.812,0.529
2024-12-21,4374.62,-0.452,0.521
2024-12-24,4395.44,0.476,0.506
2024-12-25,4380.94,-0.33,0.475
2024-12-27,4375.86,-0.116,0.458
2024-12-28,4401.98,0.597,0.479
2024-12-31,4409.15,0.163,0.476
2025-01-03,4410.50,0.031,0.415
2025-01-04,4355.51,-1.247,0.487
2025-01-08,4342.31,-0.303,0.483
2025-01-09,4347.42,0.118,0.48
2025-01-10,4321.19,-0.603,0.494
2025-01-11,4343.48,0.516,0.506
2025-01-14,4331.23,-0.282,0.509
2025-01-15,4300.24,-0.716,0.526
2025-01-16,4294.11,-0.143,0.511
2025-01-17,4338.15,1.026,0.564
2025-01-18,4344.27,0.141,0.557
2025-01-22,4307.07,-0.856,0.579
2025-01-23,4278.01,-0.675,0.589
2025-01-24,4245.65,-0.756,0.566
2025-01-25,4188.46,-1.347,0.622
2025-01-28,4220.86,0.774,0.643
2025-01-29,4219.00,-0.044,0.643
2025-01-30,4195.60,-0.555,0.648
2025-01-31,4170.01,-0.61,0.625
2025-02-01,4183.93,0.334,0.632
2025-02-04,4198.66,0.352,0.644
2025-02-05,4153.54,-1.075,0.631
2025-02-06,4180.06,0.638,0.66
2025-02-07,4150.99,-0.695,0.665
2025-02-08,4113.70,-0.898,0.677
2025-02-11,4132.93,0.467,0.674
2025-02-12,4153.80,0.505,0.695
2025-02-13,4165.07,0.271,0.692
2025-02-14,4161.46,-0.087,0.692
2025-02-15,4100.66,-1.461,0.692
2025-02-19,4111.38,0.261,0.696
2025-02-20,4098.67,-0.309,0.683
2025-02-21,4077.56,-0.515,0.678
2025-02-22,4073.56,-0.098,0.668
2025-02-25,4112.63,0.959,0.659
2025-02-26,4126.54,0.338,0.636
2025-02-27,4123.10,-0.083,0.636
2025-02-28,4120.11,-0.073,0.627
2025-03-01,4134.04,0.338,0.622
2025-03-04,4116.61,-0.422,0.621
2025-03-05,4144.18,0.67,0.636
2025-03-06,4125.63,-0.448,0.598
2025-03-07,4104.56,-0.511,0.585
2025-03-08,4116.80,0.298,0.573
2025-03-11,4161.96,1.097,0.589
2025-03-12,4152.76,-0.221,0.584
2025-03-13,4110.08,-1.028,0.618
2025-03-14,4114.18,0.1,0.614
2025-03-15,4102.67,-0.28,0.616
2025-03-18,4076.70,-0.633,0.541
2025-03-19,4126.03,1.21,0.605
2025-03-20,4143.14,0.415,0.606
2025-03-21,4187.72,1.076,0.631
2025-03-22,4168.82,-0.451,0.643
2025-03-26,4107.14,-1.48,0.703
2025-03-27,4131.42,0.591,0.712
2025-03-28,4152.59,0.512,0.72
2025-03-29,4192.57,0.963,0.749
2025-04-01,4191.79,-0.019,0.747
2025-04-02,4149.24,-1.015,0.779
2025-04-03,4146.07,-0.076,0.765
2025-04-04,4130.01,-0.387,0.763
2025-04-05,4274.03,3.487,1.078
2025-04-08,4374.53,2.351,1.18
2025-04-09,4387.98,0.307,1.166
2025-04-10,4416.69,0.654,1.163
2025-04-11,4351.55,-1.475,1.194
2025-04-12,4338.36,-0.303,1.201
2025-04-15,4286.17,-1.203,1.24
2025-04-16,4329.90,1.02,1.235
2025-04-17,4306.54,-0.54,1.23
2025-04-22,4272.83,-0.783,1.249
2025-04-23,4283.22,0.243,1.23
2025-04-24,4298.31,0.352,1.224
2025-04-25,4274.57,-0.552,1.175
2025-04-26,4239.62,-0.818,1.193
2025-04-29,4227.32,-0.29,1.193
2025-04-30,4198.83,-0.674,1.187
2025-05-01,4222.25,0.558,1.193
2025-05-03,4243.80,0.51,1.17
2025-05-06,4283.62,0.938,1.183
2025-05-07,4305.02,0.5,1.178
2025-05-08,4306.79,0.041,0.891
2025-05-09,4260.22,-1.081,0.74
2025-05-10,4239.23,-0.493,0.737
2025-05-13,4218.60,-0.487,0.714
2025-05-14,4204.63,-0.331,0.652
2025-05-15,4194.18,-0.249,0.651
2025-05-16,4196.66,0.059,0.605
2025-05-17,4194.28,-0.057,0.544
2025-05-20,4168.03,-0.626,0.548
2025-05-21,4172.76,0.113,0.531
2025-05-22,4169.47,-0.079,0.524
2025-05-23,4176.54,0.17,0.517
2025-05-24,4165.41,-0.266,0.509
2025-05-28,4128.15,-0.895,0.515
2025-05-29,4126.44,-0.041,0.514
2025-05-30,4106.79,-0.476,0.504
2025-05-31,4148.72,1.021,0.545
2025-06-04,4136.71,-0.289,0.528
2025-06-05,4107.85,-0.698,0.479
2025-06-06,4097.66,-0.248,0.449
2025-06-07,4138.72,1.002,0.526
2025-06-10,4138.53,-0.005,0.485
2025-06-11,4190.90,1.265,0.57
2025-06-12,4190.61,-0.007,0.561
2025-06-13,4169.13,-0.513,0.567
2025-06-14,4147.34,-0.523,0.576
2025-06-17,4096.44,-1.227,0.632
2025-06-18,4098.83,0.058,0.633
2025-06-19,4076.32,-0.549,0.63
2025-06-21,4080.06,0.092,0.629
2025-06-25,4081.15,0.027,0.63
2025-06-26,4067.64,-0.331,0.629
2025-06-27,4042.87,-0.609,0.637
2025-06-28,4069.67,0.663,0.636
2025-07-02,4047.71,-0.54,0.645
2025-07-03,4006.46,-1.019,0.672
2025-07-04,3974.37,-0.801,0.632
2025-07-08,4022.29,1.206,0.706
2025-07-09,4054.13,0.792,0.722
2025-07-10,4026.09,-0.692,0.735
2025-07-11,4013.50,-0.313,0.69
2025-07-12,4003.90,-0.239,0.689
2025-07-15,4011.79,0.197,0.61
2025-07-16,4015.04,0.081,0.612
2025-07-17,4031.86,0.419,0.623
2025-07-18,4016.44,-0.382,0.619
2025-07-19,4000.61,-0.394,0.57
2025-07-22,4026.27,0.641,0.594
2025-07-23,4061.36,0.872,0.62
2025-07-24,4052.86,-0.209,0.621
2025-07-25,4063.31,0.258,0.624
2025-07-26,4110.48,1.161,0.672
2025-07-29,4170.59,1.462,0.722
2025-07-30,4154.79,-0.379,0.722
2025-07-31,4179.69,0.599,0.713
2025-08-01,4186.71,0.168,0.656
2025-08-02,4129.42,-1.368,0.713
2025-08-05,4097.38,-0.776,0.702
2025-08-06,4093.12,-0.104,0.684
2025-08-07,4049.35,-1.069,0.71
2025-08-09,4034.74,-0.361,0.712
2025-08-12,4045.87,0.276,0.711
2025-08-13,4017.12,-0.711,0.73
2025-08-14,4020.64,0.088,0.73
2025-08-15,4048.74,0.699,0.741
2025-08-16,4019.24,-0.729,0.755
2025-08-20,4036.42,0.427,0.754
2025-08-21,4025.51,-0.27,0.744
2025-08-22,4034.18,0.215,0.717
2025-08-23,4008.70,-0.632,0.729
2025-08-26,4017.44,0.218,0.728
2025-08-27,4044.51,0.674,0.693
2025-08-28,4051.97,0.184,0.595
2025-08-29,4019.09,-0.811,0.612
2025-08-30,4018.41,-0.017,0.586
2025-09-03,4016.94,-0.037,0.581
2025-09-04,4002.86,-0.351,0.515
2025-09-05,3991.09,-0.294,0.495
2025-09-06,3960.94,-0.755,0.514
2025-09-09,3945.29,-0.395,0.472
2025-09-10,3919.13,-0.663,0.485
2025-09-11,3921.58,0.063,0.477
2025-09-12,3903.18,-0.469,0.465
2025-09-13,3906.24,0.078,0.465
2025-09-16,3897.57,-0.222,0.421
2025-09-17,3881.92,-0.402,0.405
2025-09-18,3880.01,-0.049,0.381
2025-09-19,3892.45,0.321,0.398
2025-09-20,3891.19,-0.032,0.389
2025-09-23,3852.16,-1.003,0.419
2025-09-24,3844.47,-0.2,0.408
2025-09-25,3881.26,0.957,0.444
2025-09-26,3898.87,0.454,0.46
2025-09-27,3908.12,0.237,0.445
2025-09-30,3901.29,-0.175,0.444
2025-10-01,3923.55,0.571,0.472
2025-10-02,3890.00,-0.855,0.498
2025-10-03,3897.64,0.196,0.502
2025-10-04,3874.18,-0.602,0.493
2025-10-07,3853.19,-0.542,0.498
2025-10-08,3867.54,0.372,0.492
2025-10-09,3879.80,0.317,0.499
2025-10-10,3894.99,0.392,0.498
2025-10-11,3913.24,0.469,0.51
2025-10-15,3933.31,0.513,0.518
2025-10-16,3902.16,-0.792,0.543
2025-10-17,3877.07,-0.643,0.563
2025-10-18,3808.12,-1.778,0.683
2025-10-21,3877.26,1.816,0.807
2025-10-22,3876.60,-0.017,0.773
2025-10-23,3900.82,0.625,0.782
2025-10-24,3888.76,-0.309,0.757
2025-10-25,3858.63,-0.775,0.77
2025-10-28,3844.20,-0.374,0.77
2025-10-29,3874.84,0.797,0.794
2025-10-30,3885.29,0.27,0.784
2025-10-31,3870.42,-0.383,0.766
2025-11-01,3860.12,-0.266,0.766
2025-11-05,3872.47,0.32,0.758
2025-11-06,3839.47,-0.852,0.773
2025-11-07,3807.06,-0.844,0.789
2025-11-08,3779.20,-0.732,0.796
2025-11-11,3760.93,-0.483,0.79
2025-11-13,3719.71,-1.096,0.8
2025-11-14,3719.60,-0.003,0.783
2025-11-15,3764.77,1.214,0.84
2025-11-19,3737.55,-0.723,0.842
2025-11-20,3716.73,-0.557,0.76
2025-11-21,3741.27,0.66,0.64
2025-11-22,3808.77,1.804,0.779
2025-11-25,3804.09,-0.123,0.76
2025-11-26,3806.16,0.054,0.76
2025-11-27,3773.60,-0.855,0.764
2025-11-29,3744.43,-0.773,0.776
2025-12-02,3784.43,1.068,0.796
2025-12-03,3817.66,0.878,0.822
2025-12-04,3780.80,-0.966,0.843
2025-12-05,3757.92,-0.605,0.85
2025-12-06,3830.02,1.919,0.962
2025-12-10,3861.34,0.818,0.962
2025-12-11,3854.28,-0.183,0.941
2025-12-12,3810.99,-1.123,0.962
2025-12-13,3788.53,-0.589,0.966
2025-12-16,3817.59,0.767,0.94
2025-12-17,3847.10,0.773,0.95
2025-12-18,3866.77,0.511,0.922
2025-12-19,3874.71,0.205,0.899
2025-12-20,3817.93,-1.465,0.96
2025-12-23,3792.59,-0.664,0.967
2025-12-24,3759.48,-0.873,0.898
2025-12-25,3706.94,-1.398,0.946
2025-12-27,3716.05,0.246,0.949
2025-12-30,3706.97,-0.244,0.934
2025-12-31,3757.08,1.352,0.972
2026-01-03,3790.77,0.897,0.963
2026-01-06,3770.03,-0.547,0.948
2026-01-07,3730.26,-1.055,0.952
2026-01-08,3748.83,0.498,0.951
2026-01-09,3734.67,-0.378,0.838
2026-01-10,3717.09,-0.471,0.811
2026-01-14,3663.24,-1.449,0.859
2026-01-15,3655.16,-0.221,0.834
2026-01-16,3687.32,0.88,0.863
2026-01-17,3700.05,0.345,0.845
2026-01-21,3682.97,-0.462,0.818
2026-01-22,3669.15,-0.375,0.8
2026-01-23,3630.33,-1.058,0.812
2026-01-24,3637.88,0.208,0.773
2026-01-27,3676.02,1.048,0.817
2026-01-28,3678.59,0.07,0.8
2026-01-29,3665.97,-0.343,0.743
2026-01-30,3661.29,-0.128,0.74
2026-01-31,3670.47,0.251,0.742
2026-02-03,3628.16,-1.153,0.704
2026-02-04,3622.00,-0.17,0.658
2026-02-05,3644.93,0.633,0.68
2026-02-06,3691.75,1.285,0.719
2026-02-07,3670.20,-0.584,0.717
2026-02-10,3651.90,-0.499,0.72
2026-02-11,3659.71,0.214,0.718
2026-02-12,3671.01,0.309,0.645
2026-02-13,3665.78,-0.142,0.643
2026-02-14,3652.89,-0.352,0.615
2026-02-18,3664.26,0.311,0.614
2026-02-19,3669.21,0.135,0.607
2026-02-20,3695.72,0.722,0.622
2026-02-21,3691.34,-0.119,0.568
2026-02-24,3697.36,0.163,0.568
2026-02-25,3703.28,0.16,0.521
2026-02-26,3703.69,0.011,0.521
2026-02-27,3745.78,1.136,0.567
2026-02-28,3766.30,0.548,0.573
2026-03-03,3768.73,0.065,0.572
2026-03-04,3797.64,0.767,0.502
2026-03-05,3751.41,-1.217,0.592
2026-03-06,3767.94,0.441,0.586
2026-03-07,3795.55,0.733,0.542
2026-03-10,3744.84,-1.336,0.616
2026-03-11,3710.50,-0.917,0.644
2026-03-12,3687.87,-0.61,0.661
2026-03-13,3700.46,0.341,0.662
2026-03-14,3685.53,-0.403,0.668
2026-03-17,3691.90,0.173,0.663
2026-03-18,3689.97,-0.052,0.66
2026-03-19,3704.17,0.385,0.665
2026-03-20,3692.48,-0.316,0.65
2026-03-21,3704.87,0.336,0.653
2026-03-25,3700.67,-0.113,0.653
2026-03-26,3688.46,-0.33,0.656
2026-03-27,3675.29,-0.357,0.661
2026-03-28,3668.89,-0.174,0.6
2026-03-31,3669.96,0.029,0.582
2026-04-01,3660.10,-0.269,0.581
2026-04-02,3675.81,0.429,0.557
2026-04-07,3664.41,-0.31,0.501
2026-04-08,3678.19,0.376,0.497
2026-04-09,3640.63,-1.021,0.494
2026-04-10,3642.93,0.063,0.419
2026-04-11,3631.49,-0.314,0.379
2026-04-14,3608.10,-0.644,0.382
2026-04-15,3578.82,-0.812,0.397
2026-04-16,3603.19,0.681,0.435
2026-04-17,3615.10,0.331,0.442
2026-04-18,3593.14,-0.607,0.456
2026-04-21,3573.30,-0.552,0.448
2026-04-22,3576.05,0.077,0.45
2026-04-23,3568.88,-0.201,0.435
2026-04-24,3560.62,-0.231,0.435
2026-04-25,3551.17,-0.265,0.434
2026-04-28,3593.17,1.183,0.529
2026-04-29,3633.76,1.13,0.597
2026-04-30,3621.86,-0.327,0.6
2026-05-01,3637.51,0.432,0.607
2026-05-05,3707.58,1.926,0.744
2026-05-06,3723.33,0.425,0.743
2026-05-07,3706.44,-0.454,0.749
2026-05-08,3729.27,0.616,0.716
2026-05-09,3747.10,0.478,0.72
2026-05-12,3759.00,0.318,0.713
2026-05-13,3775.07,0.428,0.688
2026-05-14,3794.91,0.526,0.645
2026-05-15,3784.70,-0.269,0.65
2026-05-16,3796.78,0.319,0.65
2026-05-20,3796.87,0.002,0.621
2026-05-21,3730.49,-1.748,0.75
2026-05-22,3701.37,-0.781,0.782
2026-05-23,3667.06,-0.927,0.817
2026-05-27,3644.47,-0.616,0.83
2026-05-28,3631.57,-0.354,0.833
2026-05-29,3646.58,0.413,0.798
2026-05-30,3678.15,0.866,0.781
2026-06-02,3560.24,-3.206,1.069
2026-06-03,3562.00,0.049,1.063
2026-06-04,3572.85,0.305,0.957
2026-06-05,3565.32,-0.211,0.946
2026-06-06,3588.09,0.639,0.963
2026-06-10,3581.46,-0.185,0.946
2026-06-11,3567.11,-0.401,0.933
2026-06-12,3513.54,-1.502,0.964
2026-06-13,3475.72,-1.076,0.96
2026-06-17,3427.07,-1.4,0.958
2026-06-18,3439.91,0.375,0.977
2026-06-19,3459.53,0.57,0.989
2026-06-23,3406.14,-1.543,1.011
2026-06-24,3425.95,0.582,0.998
2026-06-25,3428.32,0.069,1.0
2026-06-26,3433.71,0.157,0.998
2026-06-27,3443.59,0.288,1.005
2026-07-01,3440.83,-0.08,1.006
2026-07-02,3403.35,-1.089,1.009
2026-07-03,3357.82,-1.338,0.99
2026-07-04,3334.93,-0.682,0.753
2026-07-07,3350.68,0.472,0.77
2026-07-08,3335.50,-0.453,0.757
2026-07-09,3339.65,0.124,0.763
2026-07-10,3305.38,-1.026,0.743
2026-07-11,3248.87,-1.71,0.796
2026-07-15,3252.11,0.1,0.806
2026-07-16,3233.91,-0.56,0.769
2026-07-17,3221.41,-0.387,0.753
2026-07-18,3262.58,1.278,0.798
2026-07-22,3238.19,-0.748,0.792
2026-07-23,3206.86,-0.968,0.777
2026-07-24,3219.31,0.388,0.744
2026-07-25,3210.56,-0.272,0.716
2026-07-28,3205.80,-0.148,0.711
2026-07-29,3205.87,0.002,0.706
2026-07-30,3206.18,0.01,0.696
2026-07-31,3132.42,-2.301,0.817
2026-08-01,3144.14,0.374,0.823
2026-08-04,3230.44,2.745,1.051
2026-08-05,3204.51,-0.803,1.054
2026-08-06,3179.40,-0.784,1.05
2026-08-07,3157.43,-0.691,1.054
2026-08-11,3125.47,-1.012,1.062
2026-08-12,3121.07,-0.141,1.05
2026-08-13,3123.28,0.071,0.996
2026-08-14,3127.51,0.135,0.997
2026-08-15,3128.65,0.036,0.994
2026-08-19,3098.79,-0.954,1.009
2026-08-20,3053.48,-1.462,0.985
2026-08-21,3062.96,0.31,0.99
2026-08-22,3048.12,-0.484,0.978
2026-08-25,3056.51,0.275,0.974
2026-08-26,3081.67,0.823,1.003
2026-08-27,3118.24,1.187,1.05
2026-08-28,3144.28,0.835,1.072
2026-08-29,3202.79,1.861,1.158
2026-09-01,3213.97,0.349,1.025
2026-09-02,3184.00,-0.932,1.05
2026-09-03,3140.55,-1.365,0.888
2026-09-04,3141.36,0.026,0.875
2026-09-05,3126.08,-0.486,0.865
2026-09-09,3116.47,-0.307,0.855
2026-09-10,3099.48,-0.545,0.833
2026-09-11,3101.00,0.049,0.833
2026-09-12,3072.27,-0.926,0.857
2026-09-15,3109.30,1.205,0.903
2026-09-16,3100.45,-0.285,0.905
2026-09-17,3128.46,0.903,0.901
2026-09-18,3151.73,0.744,0.839
2026-09-19,3192.92,1.307,0.877
2026-09-22,3192.53,-0.012,0.864
2026-09-23,3208.66,0.505,0.866
2026-09-24,3264.39,1.737,0.92
2026-09-25,3329.61,1.998,0.978
2026-09-26,3306.86,-0.683,0.995
2026-09-29,3349.63,1.293,0.955
2026-09-30,3341.23,-0.251,0.96
2026-10-01,3312.84,-0.85,0.955
2026-10-02,3307.73,-0.154,0.886
2026-10-03,3273.49,-1.035,0.932
2026-10-06,3209.78,-1.946,1.04
2026-10-07,3216.01,0.194,1.035
2026-10-08,3238.88,0.711,1.028
2026-10-09,3218.75,-0.622,1.045
